T,2425,1,0,-9446,192,421,0,0,5,524,-5,740,0,0,0,0
T,2426,2,0,-2824,191,421,0,0,5,524,-5,740,0,0,0,0
T,2427,1,0,8365,191,421,0,0,5,524,-5,740,0,0,0,0
T,2428,2,0,-20148,190,421,0,0,5,524,-6,740,0,0,0,0
C,3279,3281,3282,3276,3279,3279,3276,3278,3279,3280,3281,3280,3280,3280,3280,3279
T,2429,2,0,-16259,190,421,0,0,5,524,-6,740,0,0,0,0
T,2430,1,0,-13109,189,421,0,0,5,524,-6,740,0,0,0,0
C,3279,3280,3282,3276,3279,3280,3276,3278,3279,3280,3281,3281,3280,3281,3280,3279
T,2431,2,0,-11415,190,421,0,0,5,524,-5,740,0,0,0,0
T,2432,1,0,-30425,192,421,0,0,5,524,-5,740,0,0,0,0
T,2433,3,0,-23712,192,421,0,0,5,524,-5,740,0,0,0,0
T,2434,2,0,-14347,191,421,0,0,5,524,-4,740,0,0,0,0
C,3279,3280,3282,3277,3279,3280,3276,3278,3279,3280,3281,3281,3280,3280,3280,3279
C,3279,3280,3282,3276,3279,3280,3276,3278,3279,3280,3281,3280,3280,3280,3280,3279
T,2436,1,0,-28386,189,421,0,0,5,524,-4,740,0,0,0,0
C,3279,3280,3282,3276,3279,3280,3276,3278,3279,3280,3281,3280,3280,3280,3280,3279
T,2437,0,0,-26956,189,421,0,0,5,524,-3,740,0,0,0,0
T,2438,3,0,-2140,190,421,0,0,5,524,-3,740,0,0,0,0
T,2439,2,0,-28902,189,421,0,0,5,524,-3,740,0,0,0,0
C,3279,3281,3282,3276,3279,3280,3276,3278,3279,3280,3281,3280,3280,3280,3280,3279
T,2440,3,0,-29531,190,421,0,0,5,524,-4,740,0,0,0,0
C,3279,3281,3282,3276,3279,3280,3276,3278,3279,3280,3281,3280,3280,3280,3280,3279
C,3279,3280,3282,3276,3279,3279,3276,3278,3279,3280,3281,3280,3280,3280,3280,3279
T,2442,3,0,-27070,191,421,0,0,5,524,-4,740,0,0,0,0
C,3279,3280,3282,3276,3279,3279,3276,3278,3279,3280,3281,3280,3280,3280,3280,3279
T,2443,3,0,-17664,191,421,0,0,5,524,-5,740,0,0,0,0
T,2444,3,0,19525,193,421,0,0,5,524,-5,740,0,0,0,0
T,2445,4,0,-14357,191,421,0,0,5,524,-5,740,0,0,0,0
T,2446,4,0,3713,190,421,0,0,5,524,-5,740,0,0,0,0
T,2448,3,0,10688,190,421,0,0,5,524,-5,740,0,0,0,0
C,3280,3280,3282,3276,3279,3279,3276,3278,3279,3280,3281,3280,3280,3280,3280,3279
T,2450,3,0,-16398,192,421,0,0,5,524,-6,740,0,0,0,0
T,2451,4,0,28023,192,421,0,0,5,524,-6,740,0,0,0,0
T,2452,5,0,19589,193,421,0,0,5,524,-6,740,0,0,0,0
C,3280,3280,3282,3276,3279,3279,3276,3278,3279,3280,3281,3280,3280,3280,3280,3279
T,2453,3,0,32145,191,421,0,0,5,524,-6,740,0,0,0,0
C,3280,3280,3282,3276,3279,3279,3276,3278,3279,3280,3281,3280,3280,3280,3280,3279
C,3280,3280,3282,3276,3279,3279,3276,3278,3279,3280,3281,3280,3280,3280,3280,3279
C,3280,3280,3282,3276,3279,3279,3276,3278,3279,3280,3281,3280,3280,3280,3280,3279
T,2456,3,0,-12391,190,421,0,0,5,524,-6,740,0,0,0,0
C,3280,3280,3282,3276,3279,3279,3276,3278,3279,3280,3281,3280,3280,3280,3280,3279
T,2457,3,0,6013,191,421,0,0,5,524,-6,740,0,0,0,0
T,2458,3,0,-7306,192,421,0,0,5,524,-4,740,0,0,0,0
T,2459,2,0,-29138,191,421,0,0,5,524,-4,740,0,0,0,0
T,2460,2,0,-8167,191,421,0,0,5,524,-4,740,0,0,0,0
C,3279,3280,3282,3276,3279,3279,3276,3278,3279,3280,3280,3280,3280,3280,3280,3279
T,2461,2,0,16697,191,421,0,0,5,524,-4,740,0,0,0,0
T,2462,3,0,-19042,191,421,0,0,5,524,-4,740,0,0,0,0
T,2463,2,0,-31332,190,421,0,0,5,524,-4,740,0,0,0,0
C,3279,3280,3282,3276,3279,3279,3276,3278,3279,3280,3280,3280,3280,3280,3280,3279
T,2464,1,0,3794,191,421,0,0,5,524,-3,740,0,0,0,0
C,3279,3280,3282,3276,3279,3279,3276,3278,3279,3280,3280,3280,3280,3280,3280,3279
T,2465,1,0,-6460,189,421,0,0,5,524,-3,740,0,0,0,0
C,3279,3280,3282,3276,3279,3280,3276,3278,3279,3280,3280,3280,3280,3280,3280,3279
T,2466,0,0,-2402,189,421,0,0,5,524,-3,740,0,0,0,0
T,2467,3,0,30700,188,421,0,0,5,524,-5,740,0,0,0,0
T,2468,4,0,13347,189,421,0,0,5,524,-5,740,0,0,0,0
T,2469,3,0,-5429,189,421,0,0,5,524,-5,740,0,0,0,0
C,3279,3280,3282,3276,3279,3279,3276,3278,3279,3280,3280,3280,3280,3280,3280,3279
T,2470,2,0,-29179,189,421,0,0,5,524,-5,740,0,0,0,0
T,2471,2,0,-22799,188,421,0,0,5,524,-5,740,0,0,0,0
T,2472,4,0,-12531,188,421,0,0,5,524,-5,740,0,0,0,0
T,2473,3,0,-25630,190,421,0,0,5,524,-4,740,0,0,0,0
C,3280,3280,3282,3276,3279,3279,3276,3278,3279,3280,3281,3280,3280,3280,3280,3279
T,2475,2,0,15140,189,421,0,0,5,524,-4,740,0,0,0,0
T,2476,2,0,23392,188,421,0,0,5,524,-4,740,0,0,0,0
T,2477,2,0,-8399,187,421,0,0,5,524,-4,740,0,0,0,0
T,2478,1,0,20796,188,421,0,0,5,524,-4,740,0,0,0,0
C,3279,3280,3282,3276,3279,3279,3276,3278,3279,3280,3281,3280,3280,3280,3280,3279
T,2479,0,0,-11623,188,421,0,0,5,524,-4,740,0,0,0,0
T,2480,2,0,-6357,189,421,0,0,5,524,-4,740,0,0,0,0
T,2481,2,0,24660,190,421,0,0,5,524,-4,740,0,0,0,0
T,2482,2,0,-9287,189,421,0,0,5,524,-4,740,0,0,0,0
T,2483,2,0,-11696,190,421,0,0,5,524,-4,740,0,0,0,0
C,3279,3280,3282,3276,3279,3279,3276,3278,3279,3280,3281,3280,3280,3280,3280,3279
T,2484,4,0,3964,191,421,0,0,5,524,-4,740,0,0,0,0
C,3279,3280,3282,3276,3279,3279,3276,3278,3279,3280,3281,3280,3280,3280,3280,3279
T,2485,2,0,30000,191,421,0,0,5,524,-4,740,0,0,0,0
C,3279,3280,3282,3276,3279,3279,3276,3278,3279,3280,3281,3280,3280,3280,3280,3279
T,2486,3,0,-30452,192,421,0,0,5,524,-4,740,0,0,0,0
C,3279,3280,3282,3276,3279,3279,3276,3278,3279,3280,3281,3280,3280,3280,3280,3279
T,2488,1,0,-28429,192,421,0,0,5,524,-6,740,0,0,0,0
T,2489,2,0,-5298,192,421,0,0,5,524,-6,740,0,0,0,0
T,2491,2,0,-26901,191,421,0,0,5,524,-6,740,0,0,0,0
T,2492,4,0,-961,190,421,0,0,5,524,-6,740,0,0,0,0
C,3280,3281,3282,3276,3279,3279,3276,3278,3279,3280,3281,3280,3280,3280,3280,3279
T,2493,3,0,-1021,190,421,0,0,5,524,-6,740,0,0,0,0
C,3280,3281,3282,3276,3279,3279,3276,3278,3279,3280,3281,3280,3280,3280,3280,3279
T,2494,2,0,2850,191,421,0,0,5,524,-5,740,0,0,0,0
C,3280,3281,3282,3276,3279,3280,3276,3278,3279,3280,3281,3280,3280,3280,3280,3279
T,2496,3,0,27059,191,421,0,0,5,524,-5,740,0,0,0,0
C,3280,3281,3282,3276,3279,3280,3276,3278,3279,3280,3281,3280,3280,3280,3280,3279
T,2497,2,0,-16498,192,421,0,0,5,524,-5,740,0,0,0,0
T,2498,1,0,23758,193,421,0,0,5,524,-5,740,0,0,0,0
C,3280,3281,3282,3276,3279,3280,3276,3278,3279,3280,3281,3281,3280,3280,3280,3279
T,2499,2,0,-6312,195,421,0,0,5,524,-5,740,0,0,0,0
C,3280,3281,3282,3276,3279,3280,3276,3278,3279,3280,3281,3281,3280,3280,3280,3279
T,2500,2,0,20342,194,421,0,0,5,524,-5,740,0,0,0,0
C,3280,3281,3282,3276,3279,3280,3276,3278,3279,3280,3281,3281,3280,3280,3280,3279
T,2501,3,0,-8852,192,421,0,0,5,524,-5,740,0,0,0,0
C,3280,3281,3282,3276,3279,3279,3276,3278,3279,3280,3281,3280,3280,3280,3280,3279
T,2502,4,0,-21376,192,421,0,0,5,524,-5,740,0,0,0,0
T,2503,2,0,3024,191,421,0,0,5,524,-5,740,0,0,0,0
T,2504,1,0,21030,191,421,0,0,5,524,-5,740,0,0,0,0
C,3280,3281,3282,3276,3279,3279,3276,3278,3279,3280,3281,3280,3280,3280,3280,3279
T,2505,1,0,-24964,192,421,0,0,5,524,-5,740,0,0,0,0
C,3280,3281,3282,3276,3279,3279,3276,3278,3279,3280,3281,3280,3280,3280,3280,3279
T,2506,1,0,7138,193,421,0,0,5,524,-4,740,0,0,0,0
C,3280,3281,3282,3276,3279,3279,3276,3278,3279,3280,3281,3280,3280,3280,3280,3279
T,2507,2,0,-2432,194,421,0,0,5,524,-4,740,0,0,0,0
C,3280,3281,3282,3277,3279,3279,3276,3278,3279,3280,3281,3280,3280,3280,3280,3279
T,2508,4,0,23170,193,421,0,0,5,524,-4,740,0,0,0,0
C,3280,3281,3282,3277,3279,3279,3276,3278,3279,3280,3281,3280,3280,3280,3280,3279
T,2509,2,0,-5790,192,421,0,0,5,524,-4,740,0,0,0,0
C,3280,3281,3282,3277,3279,3279,3276,3278,3279,3280,3281,3280,3280,3280,3280,3279
T,2510,2,0,-31680,192,421,0,0,5,524,-4,740,0,0,0,0
C,3280,3281,3282,3277,3279,3279,3276,3278,3279,3280,3281,3280,3280,3280,3280,3279
T,2511,1,0,-30399,191,421,0,0,5,524,-4,740,0,0,0,0
C,3280,3281,3282,3277,3279,3279,3276,3278,3279,3280,3281,3280,3280,3280,3280,3279
T,2512,1,0,22588,190,421,0,0,5,524,-6,740,0,0,0,0
C,3280,3281,3282,3277,3279,3279,3276,3278,3279,3280,3281,3280,3280,3280,3280,3279
T,2513,2,0,-21557,190,421,0,0,5,524,-6,740,0,0,0,0
C,3279,3280,3282,3277,3279,3279,3276,3278,3279,3280,3281,3280,3280,3280,3280,3279
T,2514,3,0,31462,189,421,0,0,5,524,-6,740,0,0,0,0
C,3279,3280,3282,3277,3279,3279,3276,3278,3279,3280,3281,3280,3280,3280,3280,3279
T,2515,4,0,11818,190,421,0,0,5,524,-6,740,0,0,0,0
C,3279,3280,3282,3277,3279,3279,3276,3278,3279,3280,3281,3280,3280,3280,3280,3279
T,2516,3,0,7630,189,421,0,0,5,524,-6,740,0,0,0,0
C,3279,3280,3282,3277,3279,3279,3276,3278,3279,3280,3281,3280,3280,3280,3280,3279
T,2517,2,0,18918,189,421,0,0,5,524,-6,740,0,0,0,0
C,3279,3280,3282,3277,3279,3279,3276,3278,3279,3280,3281,3280,3280,3280,3280,3279
T,2518,1,0,-5801,187,421,0,0,5,524,-5,740,0,0,0,0
C,3279,3280,3282,3277,3279,3279,3276,3278,3279,3280,3281,3280,3280,3280,3280,3279
T,2519,1,0,-7228,189,421,0,0,5,524,-5,740,0,0,0,0
C,3279,3280,3282,3277,3279,3280,3276,3278,3279,3280,3281,3281,3280,3280,3280,3279
T,2520,2,0,-12207,187,421,0,0,5,524,-5,740,0,0,0,0
C,3279,3280,3282,3277,3279,3280,3276,3278,3279,3280,3281,3281,3280,3280,3280,3279
T,2521,1,0,27608,188,421,0,0,5,524,-4,740,0,0,0,0
C,3279,3280,3282,3277,3279,3280,3276,3278,3279,3280,3281,3281,3280,3280,3280,3279
T,2522,2,0,15253,187,421,0,0,5,524,-4,740,0,0,0,0
C,3279,3280,3282,3277,3279,3279,3276,3278,3279,3280,3281,3281,3280,3280,3280,3279
T,2523,3,0,20072,188,421,0,0,5,524,-4,740,0,0,0,0
C,3279,3280,3282,3277,3279,3279,3276,3278,3279,3280,3281,3281,3280,3280,3280,3279
T,2524,1,0,-28322,190,421,0,0,5,524,-4,740,0,0,0,0
C,3279,3280,3282,3277,3279,3279,3276,3278,3279,3280,3281,3281,3280,3280,3280,3279
T,2525,1,0,-22636,191,421,0,0,5,524,-4,740,0,0,0,0
C,3280,3280,3282,3276,3279,3279,3276,3278,3279,3280,3281,3280,3280,3280,3280,3279
T,2526,1,0,-6944,191,421,0,0,5,524,-4,740,0,0,0,0
C,3280,3280,3282,3276,3279,3279,3276,3278,3279,3280,3281,3280,3280,3280,3280,3279
T,2527,3,0,-12634,192,421,0,0,5,524,-4,740,0,0,0,0
C,3280,3280,3282,3276,3279,3279,3276,3278,3279,3280,3281,3280,3280,3280,3280,3279
T,2528,3,0,6019,193,421,0,0,5,524,-4,740,0,0,0,0
C,3280,3280,3282,3276,3279,3279,3276,3278,3279,3280,3281,3280,3280,3280,3280,3279
T,2529,4,0,-24313,195,421,0,0,5,524,-4,740,0,0,0,0
C,3280,3280,3282,3276,3279,3279,3276,3278,3279,3280,3281,3280,3280,3280,3280,3279
T,2530,2,0,-30030,194,421,0,0,5,524,-4,740,0,0,0,0
C,3280,3280,3282,3276,3279,3279,3276,3278,3279,3280,3281,3280,3280,3280,3280,3279
T,2531,3,0,20551,193,421,0,0,5,524,-4,740,0,0,0,0
C,3279,3280,3282,3276,3279,3279,3276,3278,3279,3280,3281,3280,3280,3280,3280,3279
T,2532,3,0,13058,192,421,0,0,5,524,-4,740,0,0,0,0
C,3279,3280,3282,3276,3279,3279,3276,3278,3279,3280,3281,3280,3280,3280,3280,3279
T,2533,2,0,-11089,193,421,0,0,5,524,-6,740,0,0,0,0
C,3279,3280,3282,3276,3279,3279,3276,3278,3279,3280,3281,3280,3280,3280,3280,3279
T,2534,1,0,26560,191,421,0,0,5,524,-6,740,0,0,0,0
C,3279,3280,3282,3276,3279,3279,3276,3278,3279,3280,3281,3280,3280,3280,3280,3279
T,2535,1,0,11769,191,421,0,0,5,524,-6,740,0,0,0,0
C,3279,3280,3282,3276,3279,3279,3276,3278,3279,3280,3281,3280,3280,3280,3280,3279
T,2536,2,0,11040,192,421,0,0,5,524,-5,740,0,0,0,0
C,3279,3280,3282,3276,3279,3279,3276,3278,3279,3280,3281,3280,3280,3280,3280,3279
T,2537,2,0,-13729,191,421,0,0,5,524,-5,740,0,0,0,0
C,3279,3281,3282,3277,3279,3279,3276,3278,3279,3280,3281,3280,3280,3280,3280,3279
T,2538,2,0,182,192,421,0,0,5,524,-5,740,0,0,0,0
C,3279,3281,3282,3277,3279,3279,3276,3278,3279,3280,3281,3280,3280,3280,3280,3279
T,2539,3,0,21129,191,421,0,0,5,524,-5,740,0,0,0,0
C,3279,3281,3282,3277,3279,3279,3276,3278,3279,3280,3281,3280,3280,3280,3280,3279
T,2540,2,0,10471,192,421,0,0,5,524,-5,740,0,0,0,0
C,3279,3281,3282,3276,3279,3279,3276,3278,3279,3280,3281,3280,3280,3280,3280,3279
T,2541,1,0,-16539,189,421,0,0,5,524,-5,740,0,0,0,0
C,3279,3281,3282,3276,3279,3279,3276,3278,3279,3280,3281,3280,3280,3280,3280,3279
T,2542,1,0,-1692,190,421,0,0,5,524,-6,740,0,0,0,0
C,3279,3281,3282,3276,3279,3279,3276,3278,3279,3280,3281,3280,3280,3280,3280,3279
T,2543,2,0,15640,188,421,0,0,5,524,-6,740,0,0,0,0
C,3279,3281,3282,3276,3279,3279,3276,3278,3279,3280,3281,3280,3280,3280,3280,3279
T,2544,2,0,-11108,188,421,0,0,5,524,-6,740,0,0,0,0
C,3279,3281,3282,3276,3279,3279,3276,3278,3279,3280,3281,3280,3280,3280,3280,3279
T,2545,3,0,29387,186,421,0,0,5,524,-5,740,0,0,0,0
C,3279,3281,3282,3276,3279,3279,3276,3278,3279,3280,3281,3280,3280,3280,3280,3279
T,2546,3,0,8520,185,421,0,0,5,524,-5,740,0,0,0,0
C,3279,3281,3282,3277,3279,3279,3276,3278,3279,3280,3281,3280,3280,3280,3280,3279
T,2547,3,0,1824,185,421,0,0,5,524,-5,740,0,0,0,0
C,3279,3281,3282,3277,3279,3279,3276,3278,3279,3280,3281,3280,3280,3280,3280,3279
T,2548,2,0,20500,184,421,0,0,5,524,-4,740,0,0,0,0
C,3279,3281,3282,3277,3279,3279,3276,3278,3279,3280,3281,3280,3280,3280,3280,3279
T,2549,3,0,21807,185,421,0,0,5,524,-4,740,0,0,0,0
C,3279,3281,3282,3276,3279,3279,3276,3278,3279,3280,3281,3281,3280,3280,3280,3279
T,2550,3,0,-24034,185,421,0,0,5,524,-4,740,0,0,0,0
C,3279,3281,3282,3276,3279,3279,3276,3278,3279,3280,3281,3281,3280,3280,3280,3279
T,2551,3,0,-20836,186,421,0,0,5,524,-5,740,0,0,0,0
C,3279,3281,3282,3276,3279,3279,3276,3278,3279,3280,3281,3281,3280,3280,3280,3279
T,2552,2,0,12432,187,421,0,0,5,524,-5,740,0,0,0,0
C,3279,3281,3282,3276,3279,3279,3276,3278,3279,3280,3281,3280,3280,3280,3280,3279
T,2553,1,0,31680,188,421,0,0,5,524,-5,740,0,0,0,0
C,3279,3281,3282,3276,3279,3279,3276,3278,3279,3280,3281,3280,3280,3280,3280,3279
T,2554,2,0,830,187,421,0,0,5,524,-5,740,0,0,0,0
C,3279,3281,3282,3276,3279,3279,3276,3278,3279,3280,3281,3280,3280,3280,3280,3279
T,2555,3,0,2674,190,421,0,0,5,524,-5,740,0,0,0,0
C,3279,3280,3282,3277,3279,3279,3276,3278,3279,3280,3281,3280,3280,3280,3280,3279
T,2556,1,0,-23118,188,421,0,0,5,524,-5,740,0,0,0,0
C,3279,3280,3282,3277,3279,3279,3276,3278,3279,3280,3281,3280,3280,3280,3280,3279
T,2557,2,0,-8844,189,421,0,0,5,524,-5,740,0,0,0,0
C,3279,3280,3282,3277,3279,3279,3276,3278,3279,3280,3281,3280,3280,3280,3280,3279
T,2558,2,0,19224,190,421,0,0,5,524,-5,740,0,0,0,0
C,3280,3280,3282,3277,3279,3279,3276,3278,3279,3280,3281,3280,3280,3280,3280,3279
T,2559,3,0,12271,189,421,0,0,5,524,-5,740,0,0,0,0
C,3280,3280,3282,3277,3279,3279,3276,3278,3279,3280,3281,3280,3280,3280,3280,3279
T,2560,2,0,12860,188,421,0,0,5,524,-6,740,0,0,0,0
C,3280,3280,3282,3277,3279,3279,3276,3278,3279,3280,3281,3280,3280,3280,3280,3279
T,2561,2,0,26206,189,421,0,0,5,524,-6,740,0,0,0,0
C,3280,3281,3282,3277,3279,3279,3276,3278,3279,3280,3281,3280,3280,3280,3280,3279
T,2562,1,0,17876,188,421,0,0,5,524,-6,740,0,0,0,0
C,3280,3281,3282,3277,3279,3279,3276,3278,3279,3280,3281,3280,3280,3280,3280,3279
T,2563,0,0,22512,189,421,0,0,5,524,-6,740,0,0,0,0
C,3280,3281,3282,3277,3279,3279,3276,3278,3279,3280,3281,3280,3280,3280,3280,3279
T,2564,2,0,14182,190,421,0,0,5,524,-6,740,0,0,0,0
C,3280,3281,3282,3277,3280,3279,3276,3278,3279,3280,3281,3280,3280,3280,3280,3279
T,2565,2,0,26985,190,421,0,0,5,524,-6,740,0,0,0,0
C,3280,3281,3282,3277,3280,3279,3276,3278,3279,3280,3281,3280,3280,3280,3280,3279
T,2566,1,0,3774,190,421,0,0,5,524,-6,740,0,0,0,0
C,3280,3281,3282,3277,3280,3279,3276,3278,3279,3280,3281,3280,3280,3280,3280,3279
T,2567,2,0,13281,190,421,0,0,5,524,-6,740,0,0,0,0
C,3279,3281,3282,3277,3279,3279,3276,3278,3279,3280,3281,3280,3280,3280,3280,3279
T,2568,1,0,-28986,189,421,0,0,5,524,-6,740,0,0,0,0
C,3279,3281,3282,3277,3279,3279,3276,3278,3279,3280,3281,3280,3280,3280,3280,3279
T,2569,1,0,6958,190,421,0,0,5,524,-6,740,0,0,0,0
C,3279,3281,3282,3277,3279,3279,3276,3278,3279,3280,3281,3280,3280,3280,3280,3279
T,2570,2,0,2720,190,421,0,0,5,524,-6,740,0,0,0,0
C,3279,3280,3282,3277,3279,3279,3276,3278,3279,3280,3281,3280,3280,3280,3280,3279
T,2571,2,0,-14880,191,421,0,0,5,524,-6,740,0,0,0,0
C,3279,3280,3282,3277,3279,3279,3276,3278,3279,3280,3281,3280,3280,3280,3280,3279
T,2572,2,0,8782,191,421,0,0,5,524,-5,740,0,0,0,0
C,3279,3280,3282,3277,3279,3279,3276,3278,3279,3280,3281,3280,3280,3280,3280,3279
T,2573,2,0,-22248,190,421,0,0,5,524,-5,740,0,0,0,0
C,3279,3280,3282,3277,3279,3279,3276,3278,3279,3280,3281,3281,3280,3280,3280,3279
T,2574,2,0,-11962,190,421,0,0,5,524,-5,740,0,0,0,0
C,3279,3280,3282,3277,3279,3279,3276,3278,3279,3280,3281,3281,3280,3280,3280,3279
T,2575,2,0,26598,188,421,0,0,5,524,-5,740,0,0,0,0
C,3279,3280,3282,3277,3279,3279,3276,3278,3279,3280,3281,3281,3280,3280,3280,3279
T,2576,2,0,-23962,187,421,0,0,5,524,-5,740,0,0,0,0
C,3279,3281,3282,3277,3279,3279,3276,3278,3279,3280,3281,3281,3280,3280,3280,3279
T,2577,2,0,-24482,187,421,0,0,5,524,-5,740,0,0,0,0
C,3279,3281,3282,3277,3279,3279,3276,3278,3279,3280,3281,3281,3280,3280,3280,3279
T,2578,2,0,26808,187,421,0,0,5,524,-4,740,0,0,0,0
C,3279,3281,3282,3277,3279,3279,3276,3278,3279,3280,3281,3281,3280,3280,3280,3279
T,2579,2,0,23983,186,421,0,0,5,524,-4,740,0,0,0,0
C,3279,3280,3282,3277,3279,3280,3276,3278,3279,3280,3281,3280,3280,3280,3280,3279
T,2580,3,0,-13406,185,421,0,0,5,524,-4,740,0,0,0,0
C,3279,3280,3282,3277,3279,3280,3276,3278,3279,3280,3281,3280,3280,3280,3280,3279
T,2581,2,0,16044,185,421,0,0,5,524,-5,740,0,0,0,0
C,3279,3280,3282,3277,3279,3280,3276,3278,3279,3280,3281,3280,3280,3280,3280,3279
T,2582,1,0,-32232,187,421,0,0,5,524,-5,740,0,0,0,0
C,3279,3280,3282,3276,3279,3280,3276,3278,3279,3280,3281,3280,3280,3280,3280,3279
T,2583,0,0,12502,186,421,0,0,5,524,-5,740,0,0,0,0
C,3279,3280,3282,3276,3279,3280,3276,3278,3279,3280,3281,3280,3280,3280,3280,3279
T,2584,1,0,12900,187,421,0,0,5,524,-4,740,0,0,0,0
C,3279,3280,3282,3276,3279,3280,3276,3278,3279,3280,3281,3280,3280,3280,3280,3279
T,2585,2,0,-1860,187,421,0,0,5,524,-4,740,0,0,0,0
C,3280,3280,3282,3276,3279,3280,3276,3278,3279,3280,3281,3280,3280,3280,3280,3279
T,2586,3,0,-30742,189,421,0,0,5,524,-4,740,0,0,0,0
C,3280,3280,3282,3276,3279,3280,3276,3278,3279,3280,3281,3280,3280,3280,3280,3279
T,2587,1,0,15430,191,421,0,0,5,524,-4,740,0,0,0,0
C,3280,3280,3282,3276,3279,3280,3276,3278,3279,3280,3281,3280,3280,3280,3280,3279
T,2588,3,0,-28856,191,421,0,0,5,524,-4,740,0,0,0,0
C,3280,3280,3282,3277,3279,3280,3276,3278,3279,3280,3280,3280,3280,3280,3280,3279
T,2589,3,0,10736,192,421,0,0,5,524,-4,740,0,0,0,0
C,3280,3280,3282,3277,3279,3280,3276,3278,3279,3280,3280,3280,3280,3280,3280,3279
T,2590,1,0,25138,192,421,0,0,5,524,-6,740,0,0,0,0
C,3280,3280,3282,3277,3279,3280,3276,3278,3279,3280,3280,3280,3280,3280,3280,3279
T,2591,3,0,28560,192,421,0,0,5,524,-6,740,0,0,0,0
C,3280,3280,3282,3277,3279,3279,3276,3278,3278,3280,3280,3280,3280,3280,3280,3279
T,2592,3,0,21569,192,421,0,0,5,524,-6,740,0,0,0,0
C,3280,3280,3282,3277,3279,3279,3276,3278,3278,3280,3280,3280,3280,3280,3280,3279
T,2593,2,0,-15148,192,421,0,0,5,524,-5,740,0,0,0,0
C,3280,3280,3282,3277,3279,3279,3276,3278,3278,3280,3280,3280,3280,3280,3280,3279
T,2594,2,0,-664,190,421,0,0,5,524,-5,740,0,0,0,0
C,3279,3280,3282,3276,3279,3279,3276,3278,3278,3280,3281,3280,3280,3280,3280,3279
T,2595,2,0,-13098,190,421,0,0,5,524,-5,740,0,0,0,0
C,3279,3280,3282,3276,3279,3279,3276,3278,3278,3280,3281,3280,3280,3280,3280,3279
T,2596,1,0,2539,191,421,0,0,5,524,-3,740,0,0,0,0
C,3279,3280,3282,3276,3279,3279,3276,3278,3278,3280,3281,3280,3280,3280,3280,3279
T,2597,4,0,28089,190,421,0,0,5,524,-3,740,0,0,0,0
C,3279,3280,3282,3276,3279,3279,3276,3278,3279,3280,3280,3280,3280,3280,3280,3279
T,2598,2,0,-11266,188,421,0,0,5,524,-3,740,0,0,0,0
C,3279,3280,3282,3276,3279,3279,3276,3278,3279,3280,3280,3280,3280,3280,3280,3279
T,2599,3,0,-10088,188,421,0,0,5,524,-5,740,0,0,0,0
C,3279,3280,3282,3276,3279,3279,3276,3278,3279,3280,3280,3280,3280,3280,3280,3279
T,2600,2,0,19162,188,421,0,0,5,524,-5,740,0,0,0,0
C,3279,3280,3282,3277,3279,3279,3276,3278,3279,3280,3280,3280,3280,3280,3280,3279
T,2601,2,0,-14125,190,421,0,0,5,524,-5,740,0,0,0,0
C,3279,3280,3282,3277,3279,3279,3276,3278,3279,3280,3280,3280,3280,3280,3280,3279
T,2602,3,0,4052,192,421,0,0,5,524,-6,740,0,0,0,0
C,3279,3280,3282,3277,3279,3279,3276,3278,3279,3280,3280,3280,3280,3280,3280,3279
T,2603,3,0,15532,191,421,0,0,5,524,-6,740,0,0,0,0
C,3279,3281,3282,3276,3279,3279,3276,3278,3279,3280,3281,3280,3280,3280,3280,3279
T,2604,1,0,4451,190,421,0,0,5,524,-6,740,0,0,0,0
C,3279,3281,3282,3276,3279,3279,3276,3278,3279,3280,3281,3280,3280,3280,3280,3279
T,2605,2,0,6495,189,421,0,0,5,524,-6,740,0,0,0,0
C,3279,3281,3282,3276,3279,3279,3276,3278,3279,3280,3281,3280,3280,3280,3280,3279
T,2606,3,0,-22114,191,421,0,0,5,524,-6,740,0,0,0,0
C,3280,3281,3282,3276,3279,3279,3276,3278,3279,3280,3281,3280,3280,3280,3280,3278
T,2607,1,0,-30318,192,421,0,0,5,524,-6,740,0,0,0,0
C,3280,3281,3282,3276,3279,3279,3276,3278,3279,3280,3281,3280,3280,3280,3280,3278
T,2608,2,0,-8960,190,421,0,0,5,524,-5,740,0,0,0,0
C,3280,3281,3282,3276,3279,3279,3276,3278,3279,3280,3281,3280,3280,3280,3280,3278
T,2609,3,0,-21688,189,421,0,0,5,524,-5,740,0,0,0,0
C,3279,3281,3282,3277,3279,3279,3276,3278,3279,3280,3281,3280,3280,3280,3280,3278
T,2610,2,0,26659,188,421,0,0,5,524,-5,740,0,0,0,0
C,3279,3281,3282,3277,3279,3279,3276,3278,3279,3280,3281,3280,3280,3280,3280,3278
T,2611,1,0,-10720,189,421,0,0,5,524,-4,740,0,0,0,0
C,3279,3281,3282,3277,3279,3279,3276,3278,3279,3280,3281,3280,3280,3280,3280,3278
T,2612,1,0,-5528,189,421,0,0,5,524,-4,740,0,0,0,0
C,3279,3281,3282,3277,3279,3279,3276,3278,3279,3280,3280,3280,3280,3280,3280,3279
T,2613,3,0,-13660,189,421,0,0,5,524,-4,740,0,0,0,0
C,3279,3281,3282,3277,3279,3279,3276,3278,3279,3280,3280,3280,3280,3280,3280,3279
T,2614,2,0,10432,189,421,0,0,5,524,-4,740,0,0,0,0
C,3279,3281,3282,3277,3279,3279,3276,3278,3279,3280,3280,3280,3280,3280,3280,3279
T,2615,3,0,-31643,189,421,0,0,5,524,-4,740,0,0,0,0
C,3279,3281,3282,3277,3279,3279,3276,3278,3279,3280,3280,3280,3280,3280,3280,3279
T,2616,3,0,20296,189,421,0,0,5,524,-4,740,0,0,0,0
C,3279,3281,3282,3277,3279,3279,3276,3278,3279,3280,3280,3280,3280,3280,3280,3279
T,2617,4,0,25567,190,421,0,0,5,524,-4,740,0,0,0,0
C,3279,3281,3282,3277,3279,3279,3276,3278,3279,3280,3280,3280,3280,3280,3280,3279
T,2618,3,0,32427,190,421,0,0,5,524,-4,740,0,0,0,0
C,3279,3280,3282,3276,3279,3279,3276,3278,3279,3280,3281,3280,3280,3280,3280,3279
T,2619,5,0,6964,191,421,0,0,5,524,-4,740,0,0,0,0
C,3279,3280,3282,3276,3279,3279,3276,3278,3279,3280,3281,3280,3280,3280,3280,3279
T,2620,4,0,-16086,193,421,0,0,5,524,-5,740,0,0,0,0
C,3279,3280,3282,3276,3279,3279,3276,3278,3279,3280,3281,3280,3280,3280,3280,3279
T,2621,1,0,-23374,193,421,0,0,5,524,-5,740,0,0,0,0
C,3279,3280,3282,3276,3279,3279,3276,3278,3279,3280,3280,3280,3280,3280,3280,3279
T,2622,3,0,16742,193,421,0,0,5,524,-5,740,0,0,0,0
C,3279,3280,3282,3276,3279,3279,3276,3278,3279,3280,3280,3280,3280,3280,3280,3279
T,2623,2,0,32632,193,421,0,0,5,524,-6,740,0,0,0,0
C,3279,3280,3282,3276,3279,3279,3276,3278,3279,3280,3280,3280,3280,3280,3280,3279
T,2624,2,0,6626,193,421,0,0,5,524,-6,740,0,0,0,0
C,3279,3280,3282,3276,3279,3279,3276,3278,3279,3280,3280,3280,3280,3280,3280,3279
T,2625,3,0,-19665,193,421,0,0,5,524,-6,740,0,0,0,0
C,3279,3280,3282,3276,3279,3279,3276,3278,3279,3280,3280,3280,3280,3280,3280,3279
T,2626,2,0,10046,194,421,0,0,5,524,-5,740,0,0,0,0
C,3279,3280,3282,3276,3279,3279,3276,3278,3279,3280,3280,3280,3280,3280,3280,3279
T,2627,2,0,11800,191,421,0,0,5,524,-5,740,0,0,0,0
C,3279,3281,3282,3276,3279,3279,3276,3278,3279,3280,3280,3280,3280,3280,3280,3279
T,2628,2,0,2540,189,421,0,0,5,524,-5,740,0,0,0,0
C,3279,3281,3282,3276,3279,3279,3276,3278,3279,3280,3280,3280,3280,3280,3280,3279
T,2629,1,0,-22626,189,421,0,0,5,524,-4,740,0,0,0,0
C,3279,3281,3282,3276,3279,3279,3276,3278,3279,3280,3280,3280,3280,3280,3280,3279
T,2630,2,0,1926,188,421,0,0,5,524,-4,740,0,0,0,0
C,3279,3280,3282,3276,3279,3279,3276,3278,3279,3280,3280,3280,3280,3280,3280,3279
T,2631,2,0,-15299,187,421,0,0,5,524,-4,740,0,0,0,0
C,3279,3280,3282,3276,3279,3279,3276,3278,3279,3280,3280,3280,3280,3280,3280,3279
T,2632,3,0,22421,186,421,0,0,5,524,-3,740,0,0,0,0
C,3279,3280,3282,3276,3279,3279,3276,3278,3279,3280,3280,3280,3280,3280,3280,3279
T,2633,2,0,7650,185,421,0,0,5,524,-3,740,0,0,0,0
C,3279,3280,3282,3276,3279,3279,3276,3278,3279,3280,3280,3280,3280,3280,3280,3279
T,2634,3,0,3920,185,421,0,0,5,524,-3,740,0,0,0,0
C,3279,3280,3282,3276,3279,3279,3276,3278,3279,3280,3280,3280,3280,3280,3280,3279
T,2635,3,0,-13046,184,421,0,0,5,524,-4,740,0,0,0,0
C,3279,3280,3282,3276,3279,3279,3276,3278,3279,3280,3280,3280,3280,3280,3280,3279
T,2636,3,0,-12366,186,421,0,0,5,524,-4,740,0,0,0,0
C,3279,3280,3282,3276,3279,3279,3276,3278,3279,3280,3280,3280,3280,3280,3280,3279
C,3279,3280,3282,3276,3279,3279,3276,3278,3279,3280,3280,3280,3280,3280,3280,3279
T,2638,1,0,-25596,185,421,0,0,5,524,-5,740,0,0,0,0
T,2639,1,0,16531,185,421,0,0,5,524,-5,740,0,0,0,0
T,2640,2,0,29336,183,421,0,0,5,524,-5,740,0,0,0,0
C,3279,3280,3282,3276,3279,3279,3276,3278,3279,3280,3280,3280,3280,3280,3280,3279
T,2641,2,0,-23528,184,421,0,0,5,524,-4,740,0,0,0,0
C,3279,3280,3282,3276,3279,3279,3276,3278,3279,3280,3280,3280,3280,3280,3280,3279
T,2642,2,0,2480,185,421,0,0,5,524,-4,740,0,0,0,0
C,3279,3280,3282,3276,3279,3279,3276,3278,3279,3280,3281,3280,3280,3280,3280,3279
T,2643,2,0,5613,186,421,0,0,5,524,-4,740,0,0,0,0
C,3279,3280,3282,3276,3279,3279,3276,3278,3279,3280,3281,3280,3280,3280,3280,3279
T,2644,2,0,-12132,187,421,0,0,5,524,-3,740,0,0,0,0
C,3279,3280,3282,3276,3279,3279,3276,3278,3279,3280,3281,3280,3280,3280,3280,3279
T,2645,1,0,9656,187,421,0,0,5,524,-3,740,0,0,0,0
C,3280,3280,3282,3276,3279,3279,3276,3278,3279,3280,3280,3280,3280,3280,3280,3279
T,2646,1,0,-9751,187,421,0,0,5,524,-3,740,0,0,0,0
C,3280,3280,3282,3276,3279,3279,3276,3278,3279,3280,3280,3280,3280,3280,3280,3279
T,2647,2,0,29165,186,421,0,0,5,524,-3,740,0,0,0,0
C,3280,3280,3282,3276,3279,3279,3276,3278,3279,3280,3280,3280,3280,3280,3280,3279
T,2648,1,0,27472,186,421,0,0,5,524,-3,740,0,0,0,0
C,3279,3280,3282,3277,3279,3279,3276,3278,3279,3280,3280,3280,3280,3280,3280,3279
T,2649,3,0,23849,185,421,0,0,5,524,-3,740,0,0,0,0
C,3279,3280,3282,3277,3279,3279,3276,3278,3279,3280,3280,3280,3280,3280,3280,3279
T,2650,3,0,-13484,184,421,0,0,5,524,-5,740,0,0,0,0
C,3279,3280,3282,3277,3279,3279,3276,3278,3279,3280,3280,3280,3280,3280,3280,3279
T,2651,3,0,2316,185,421,0,0,5,524,-5,740,0,0,0,0
C,3279,3280,3282,3276,3279,3279,3276,3278,3279,3280,3280,3280,3280,3280,3280,3279
T,2652,3,0,-22010,187,421,0,0,5,524,-5,740,0,0,0,0
C,3279,3280,3282,3276,3279,3279,3276,3278,3279,3280,3280,3280,3280,3280,3280,3279
T,2653,2,0,-4752,188,421,0,0,5,524,-4,740,0,0,0,0
C,3279,3280,3282,3276,3279,3279,3276,3278,3279,3280,3280,3280,3280,3280,3280,3279
T,2654,3,0,18199,188,421,0,0,5,524,-4,740,0,0,0,0
C,3279,3280,3282,3276,3279,3279,3276,3278,3279,3280,3281,3280,3280,3280,3280,3279
T,2655,2,0,31050,187,421,0,0,5,524,-4,740,0,0,0,0
C,3279,3280,3282,3276,3279,3279,3276,3278,3279,3280,3281,3280,3280,3280,3280,3279
T,2656,2,0,-29290,186,421,0,0,5,524,-3,740,0,0,0,0
C,3279,3280,3282,3276,3279,3279,3276,3278,3279,3280,3281,3280,3280,3280,3280,3279
T,2657,1,0,-21372,186,421,0,0,5,524,-3,740,0,0,0,0
C,3280,3280,3282,3276,3279,3279,3276,3278,3279,3280,3281,3280,3280,3280,3280,3279
T,2658,1,0,11964,185,421,0,0,5,524,-3,740,0,0,0,0
C,3280,3280,3282,3276,3279,3279,3276,3278,3279,3280,3281,3280,3280,3280,3280,3279
T,2659,0,0,-8024,186,421,0,0,5,524,-3,740,0,0,0,0
C,3280,3280,3282,3276,3279,3279,3276,3278,3279,3280,3281,3280,3280,3280,3280,3279
T,2660,2,0,412,187,421,0,0,5,524,-3,740,0,0,0,0
C,3280,3281,3282,3276,3279,3280,3276,3278,3279,3280,3281,3280,3279,3280,3280,3279
T,2661,1,0,-9883,190,421,0,0,5,524,-3,740,0,0,0,0
C,3280,3281,3282,3276,3279,3280,3276,3278,3279,3280,3281,3280,3279,3280,3280,3279
T,2662,2,0,-10608,190,421,0,0,5,524,-4,740,0,0,0,0
C,3280,3281,3282,3276,3279,3280,3276,3278,3279,3280,3281,3280,3279,3280,3280,3279
T,2663,1,0,4873,189,421,0,0,5,524,-4,740,0,0,0,0
C,3279,3280,3282,3276,3279,3279,3276,3278,3279,3280,3281,3280,3279,3280,3280,3279
T,2664,1,0,-13327,187,421,0,0,5,524,-4,740,0,0,0,0
C,3279,3280,3282,3276,3279,3279,3276,3278,3279,3280,3281,3280,3279,3280,3280,3279
T,2665,2,0,11712,187,421,0,0,5,524,-4,740,0,0,0,0
C,3279,3280,3282,3276,3279,3279,3276,3278,3279,3280,3281,3280,3279,3280,3280,3279
T,2666,1,0,-1956,187,421,0,0,5,524,-4,740,0,0,0,0
C,3279,3280,3282,3277,3279,3279,3276,3278,3279,3280,3281,3280,3279,3280,3280,3279
T,2667,0,0,-8357,188,421,0,0,5,524,-4,740,0,0,0,0
C,3279,3280,3282,3277,3279,3279,3276,3278,3279,3280,3281,3280,3279,3280,3280,3279
T,2668,2,0,-11590,188,421,0,0,5,524,-4,740,0,0,0,0
C,3279,3280,3282,3277,3279,3279,3276,3278,3279,3280,3281,3280,3279,3280,3280,3279
T,2669,3,0,-28600,188,421,0,0,5,524,-4,740,0,0,0,0
C,3279,3280,3282,3277,3279,3279,3276,3278,3279,3280,3281,3280,3280,3280,3280,3279
T,2670,2,0,8943,189,421,0,0,5,524,-4,740,0,0,0,0
C,3279,3280,3282,3277,3279,3279,3276,3278,3279,3280,3281,3280,3280,3280,3280,3279
T,2671,3,0,-22872,189,421,0,0,5,524,-5,740,0,0,0,0
C,3279,3280,3282,3277,3279,3279,3276,3278,3279,3280,3281,3280,3280,3280,3280,3279
T,2672,2,0,3071,191,421,0,0,5,524,-5,740,0,0,0,0
C,3279,3280,3282,3276,3279,3279,3276,3278,3279,3280,3281,3280,3279,3280,3280,3279
T,2673,3,0,-12800,190,421,0,0,5,524,-5,740,0,0,0,0
C,3279,3280,3282,3276,3279,3279,3276,3278,3279,3280,3281,3280,3279,3280,3280,3279
T,2674,1,0,23164,189,421,0,0,5,524,-5,740,0,0,0,0
C,3279,3280,3282,3276,3279,3279,3276,3278,3279,3280,3281,3280,3279,3280,3280,3279
T,2675,2,0,-9394,190,421,0,0,5,524,-5,740,0,0,0,0
C,3279,3281,3282,3276,3280,3279,3276,3278,3279,3280,3281,3280,3279,3280,3280,3279
T,2676,1,0,-29968,190,421,0,0,5,524,-5,740,0,0,0,0
C,3279,3281,3282,3276,3280,3279,3276,3278,3279,3280,3281,3280,3279,3280,3280,3279
T,2677,2,0,-12092,190,421,0,0,5,524,-6,740,0,0,0,0
C,3279,3281,3282,3276,3280,3279,3276,3278,3279,3280,3281,3280,3279,3280,3280,3279
T,2678,3,0,4744,191,421,0,0,5,524,-6,740,0,0,0,0
C,3279,3281,3282,3276,3279,3279,3276,3278,3279,3280,3280,3280,3279,3280,3280,3279
T,2679,2,0,-22488,192,421,0,0,5,524,-6,740,0,0,0,0
C,3279,3281,3282,3276,3279,3279,3276,3278,3279,3280,3280,3280,3279,3280,3280,3279
T,2680,2,0,-13248,191,421,0,0,5,524,-6,740,0,0,0,0
C,3279,3281,3282,3276,3279,3279,3276,3278,3279,3280,3280,3280,3279,3280,3280,3279
T,2681,3,0,31288,192,421,0,0,5,524,-6,740,0,0,0,0
C,3279,3281,3282,3277,3279,3279,3276,3278,3279,3280,3280,3280,3280,3280,3280,3279
T,2682,4,0,-6167,192,421,0,0,5,524,-6,740,0,0,0,0
C,3279,3281,3282,3277,3279,3279,3276,3278,3279,3280,3280,3280,3280,3280,3280,3279
T,2683,1,0,-15309,192,421,0,0,5,524,-5,740,0,0,0,0
C,3279,3281,3282,3277,3279,3279,3276,3278,3279,3280,3280,3280,3280,3280,3280,3279
T,2684,2,0,1275,191,421,0,0,5,524,-5,740,0,0,0,0
C,3279,3281,3282,3277,3279,3279,3276,3278,3279,3280,3281,3280,3280,3280,3280,3279
T,2685,2,0,5121,192,421,0,0,5,524,-5,740,0,0,0,0
C,3279,3281,3282,3277,3279,3279,3276,3278,3279,3280,3281,3280,3280,3280,3280,3279
T,2686,3,0,10666,193,421,0,0,5,524,-4,740,0,0,0,0
C,3279,3281,3282,3277,3279,3279,3276,3278,3279,3280,3281,3280,3280,3280,3280,3279
T,2687,2,0,-15544,194,421,0,0,5,524,-4,740,0,0,0,0
C,3279,3281,3282,3276,3279,3279,3276,3278,3279,3280,3281,3280,3280,3280,3280,3279
T,2688,3,0,11352,194,421,0,0,5,524,-4,740,0,0,0,0
C,3279,3281,3282,3276,3279,3279,3276,3278,3279,3280,3281,3280,3280,3280,3280,3279
T,2689,1,0,8412,193,421,0,0,5,524,-5,740,0,0,0,0
T,2690,2,0,11467,191,421,0,0,5,524,-5,740,0,0,0,0
C,3279,3281,3282,3276,3279,3280,3276,3278,3279,3280,3281,3280,3280,3280,3280,3279
T,2691,3,0,-21006,191,421,0,0,5,524,-5,740,0,0,0,0
C,3279,3281,3282,3276,3279,3280,3276,3278,3279,3280,3281,3280,3280,3280,3280,3279
T,2692,1,0,13128,191,421,0,0,5,524,-5,740,0,0,0,0
C,3279,3281,3282,3276,3279,3280,3276,3278,3279,3280,3281,3280,3280,3280,3280,3279
T,2693,1,0,21738,190,421,0,0,5,524,-5,740,0,0,0,0
C,3279,3281,3282,3276,3279,3279,3276,3278,3279,3280,3281,3280,3280,3280,3280,3279
T,2694,1,0,9610,190,421,0,0,5,524,-5,740,0,0,0,0
C,3279,3281,3282,3276,3279,3279,3276,3278,3279,3280,3281,3280,3280,3280,3280,3279
T,2695,1,0,15540,189,421,0,0,5,524,-6,740,0,0,0,0
C,3279,3281,3282,3276,3279,3279,3276,3278,3279,3280,3281,3280,3280,3280,3280,3279
T,2696,3,0,11491,189,421,0,0,5,524,-6,740,0,0,0,0
C,3280,3281,3282,3276,3279,3279,3276,3278,3279,3280,3281,3280,3280,3280,3280,3279
T,2697,2,0,-8068,189,421,0,0,5,524,-6,740,0,0,0,0
C,3280,3281,3282,3276,3279,3279,3276,3278,3279,3280,3281,3280,3280,3280,3280,3279
T,2698,2,0,2297,187,421,0,0,5,524,-6,740,0,0,0,0
C,3280,3281,3282,3276,3279,3279,3276,3278,3279,3280,3281,3280,3280,3280,3280,3279
T,2699,1,0,-22880,187,421,0,0,5,524,-6,740,0,0,0,0
C,3280,3280,3282,3276,3279,3279,3276,3278,3279,3280,3281,3280,3280,3280,3280,3278
C,3280,3280,3282,3276,3279,3279,3276,3278,3279,3280,3281,3280,3280,3280,3280,3278
T,2701,3,0,-12558,187,421,0,0,5,524,-4,740,0,0,0,0
C,3280,3280,3282,3276,3279,3279,3276,3278,3279,3280,3281,3280,3280,3280,3280,3278
T,2702,1,0,-16953,186,421,0,0,5,524,-4,740,0,0,0,0
C,3280,3280,3282,3277,3279,3279,3276,3278,3279,3280,3281,3280,3280,3280,3280,3278
T,2703,2,0,10390,187,421,0,0,5,524,-4,740,0,0,0,0
C,3280,3280,3282,3277,3279,3279,3276,3278,3279,3280,3281,3280,3280,3280,3280,3278
T,2704,4,0,23370,189,421,0,0,5,524,-4,740,0,0,0,0
C,3280,3280,3282,3277,3279,3279,3276,3278,3279,3280,3281,3280,3280,3280,3280,3278
T,2705,4,0,15652,190,421,0,0,5,524,-4,740,0,0,0,0
C,3280,3281,3282,3277,3279,3279,3276,3278,3279,3280,3281,3280,3280,3280,3280,3278
T,2706,3,0,26540,191,421,0,0,5,524,-4,740,0,0,0,0
C,3280,3281,3282,3277,3279,3279,3276,3278,3279,3280,3281,3280,3280,3280,3280,3278
T,2707,2,0,-13732,191,421,0,0,5,524,-4,740,0,0,0,0
C,3280,3281,3282,3277,3279,3279,3276,3278,3279,3280,3281,3280,3280,3280,3280,3278
T,2708,1,0,-25008,189,421,0,0,5,524,-4,740,0,0,0,0
C,3280,3281,3282,3276,3279,3279,3276,3278,3279,3280,3281,3280,3280,3280,3280,3278
T,2709,1,0,-30147,189,421,0,0,5,524,-4,740,0,0,0,0
C,3280,3281,3282,3276,3279,3279,3276,3278,3279,3280,3281,3280,3280,3280,3280,3278
T,2710,1,0,19550,190,421,0,0,5,524,-5,740,0,0,0,0
C,3280,3281,3282,3276,3279,3279,3276,3278,3279,3280,3281,3280,3280,3280,3280,3278
T,2711,3,0,942,191,421,0,0,5,524,-5,740,0,0,0,0
C,3279,3281,3282,3276,3279,3279,3276,3278,3279,3280,3281,3281,3280,3280,3280,3278
T,2712,2,0,-608,190,421,0,0,5,524,-5,740,0,0,0,0
C,3279,3281,3282,3276,3279,3279,3276,3278,3279,3280,3281,3281,3280,3280,3280,3278
T,2713,1,0,16413,189,421,0,0,5,524,-6,740,0,0,0,0
C,3279,3281,3282,3276,3279,3279,3276,3278,3279,3280,3281,3281,3280,3280,3280,3278
T,2714,2,0,11736,187,421,0,0,5,524,-6,740,0,0,0,0
C,3279,3281,3282,3277,3279,3280,3276,3278,3279,3280,3281,3281,3280,3280,3280,3278
T,2715,2,0,30210,187,421,0,0,5,524,-6,740,0,0,0,0
C,3279,3281,3282,3277,3279,3280,3276,3278,3279,3280,3281,3281,3280,3280,3280,3278
T,2716,3,0,-18839,189,421,0,0,5,524,-5,740,0,0,0,0
C,3279,3281,3282,3277,3279,3280,3276,3278,3279,3280,3281,3281,3280,3280,3280,3278
T,2717,2,0,-7678,190,421,0,0,5,524,-5,740,0,0,0,0
C,3280,3281,3282,3276,3279,3280,3276,3278,3279,3280,3281,3281,3280,3280,3280,3278
T,2718,2,0,2504,188,421,0,0,5,524,-5,740,0,0,0,0
C,3280,3281,3282,3276,3279,3280,3276,3278,3279,3280,3281,3281,3280,3280,3280,3278
T,2719,1,0,-3817,187,421,0,0,5,524,-5,740,0,0,0,0
C,3280,3281,3282,3276,3279,3280,3276,3278,3279,3280,3281,3281,3280,3280,3280,3278
T,2720,3,0,-12661,187,421,0,0,5,524,-5,740,0,0,0,0
C,3279,3281,3282,3276,3279,3280,3276,3278,3279,3280,3281,3280,3280,3280,3280,3278
T,2721,3,0,-6925,186,421,0,0,5,524,-5,740,0,0,0,0
C,3279,3281,3282,3276,3279,3280,3276,3278,3279,3280,3281,3280,3280,3280,3280,3278
T,2722,1,0,21591,186,421,0,0,5,524,-6,740,0,0,0,0
C,3279,3281,3282,3276,3279,3280,3276,3278,3279,3280,3281,3280,3280,3280,3280,3278
T,2723,2,0,-14852,185,421,0,0,5,524,-6,740,0,0,0,0
C,3279,3281,3282,3276,3279,3279,3276,3278,3279,3280,3281,3280,3280,3280,3280,3278
T,2724,3,0,-15503,186,421,0,0,5,524,-6,740,0,0,0,0
C,3279,3281,3282,3276,3279,3279,3276,3278,3279,3280,3281,3280,3280,3280,3280,3278
T,2725,3,0,-10179,185,421,0,0,5,524,-6,740,0,0,0,0
C,3279,3281,3282,3276,3279,3279,3276,3278,3279,3280,3281,3280,3280,3280,3280,3278
T,2726,2,0,-28470,184,421,0,0,5,524,-6,740,0,0,0,0
C,3279,3280,3282,3276,3279,3279,3276,3278,3279,3280,3281,3280,3280,3280,3280,3278
T,2727,2,0,-23775,185,421,0,0,5,524,-6,740,0,0,0,0
C,3279,3280,3282,3276,3279,3279,3276,3278,3279,3280,3281,3280,3280,3280,3280,3278
T,2728,2,0,16458,185,421,0,0,5,524,-6,740,0,0,0,0
C,3279,3280,3282,3276,3279,3279,3276,3278,3279,3280,3281,3280,3280,3280,3280,3278
T,2729,2,0,2087,184,421,0,0,5,524,-6,740,0,0,0,0
C,3280,3280,3282,3276,3280,3279,3276,3278,3279,3280,3281,3280,3280,3280,3280,3279
T,2730,1,0,-8832,183,421,0,0,5,524,-6,740,0,0,0,0
C,3280,3280,3282,3276,3280,3279,3276,3278,3279,3280,3281,3280,3280,3280,3280,3279
T,2731,1,0,3224,185,421,0,0,5,524,-5,740,0,0,0,0
C,3280,3280,3282,3276,3280,3279,3276,3278,3279,3280,3281,3280,3280,3280,3280,3279
T,2732,0,0,12862,186,421,0,0,5,524,-5,740,0,0,0,0
C,3280,3280,3282,3276,3279,3279,3276,3278,3279,3280,3281,3280,3280,3280,3280,3279
T,2733,4,0,-700,185,421,0,0,5,524,-5,740,0,0,0,0
C,3280,3280,3282,3276,3279,3279,3276,3278,3279,3280,3281,3280,3280,3280,3280,3279
T,2734,2,0,-23212,186,421,0,0,5,524,-4,740,0,0,0,0
C,3280,3280,3282,3276,3279,3279,3276,3278,3279,3280,3281,3280,3280,3280,3280,3279
T,2735,4,0,1637,189,421,0,0,5,524,-4,740,0,0,0,0
C,3279,3280,3282,3277,3279,3280,3276,3278,3279,3280,3281,3281,3280,3281,3280,3279
T,2736,4,0,-28928,188,421,0,0,5,524,-4,740,0,0,0,0
C,3279,3280,3282,3277,3279,3280,3276,3278,3279,3280,3281,3281,3280,3281,3280,3279
T,2737,2,0,29993,188,421,0,0,5,524,-5,740,0,0,0,0
C,3279,3280,3282,3277,3279,3280,3276,3278,3279,3280,3281,3281,3280,3281,3280,3279
T,2738,2,0,-5816,187,421,0,0,5,524,-5,740,0,0,0,0
C,3279,3281,3282,3277,3279,3280,3276,3278,3279,3280,3281,3280,3280,3280,3280,3279
T,2739,2,0,-6695,189,421,0,0,5,524,-5,740,0,0,0,0
C,3279,3281,3282,3277,3279,3280,3276,3278,3279,3280,3281,3280,3280,3280,3280,3279
T,2740,3,0,29936,189,421,0,0,5,524,-6,740,0,0,0,0
C,3279,3281,3282,3277,3279,3280,3276,3278,3279,3280,3281,3280,3280,3280,3280,3279
T,2741,1,0,30844,187,421,0,0,5,524,-6,740,0,0,0,0
C,3279,3280,3282,3277,3279,3279,3276,3278,3279,3280,3281,3280,3280,3280,3280,3279
T,2742,1,0,28654,188,421,0,0,5,524,-6,740,0,0,0,0
C,3279,3280,3282,3277,3279,3279,3276,3278,3279,3280,3281,3280,3280,3280,3280,3279
T,2743,1,0,-19197,190,421,0,0,5,524,-6,740,0,0,0,0
C,3279,3280,3282,3277,3279,3279,3276,3278,3279,3280,3281,3280,3280,3280,3280,3279
T,2744,3,0,21778,188,421,0,0,5,524,-6,740,0,0,0,0
C,3279,3280,3282,3277,3279,3279,3276,3278,3279,3280,3281,3280,3280,3280,3280,3279
T,2745,3,0,297,188,421,0,0,5,524,-6,740,0,0,0,0
C,3279,3280,3282,3277,3279,3279,3276,3278,3279,3280,3281,3280,3280,3280,3280,3279
T,2746,2,0,-5235,190,421,0,0,5,524,-4,740,0,0,0,0
C,3279,3280,3282,3277,3279,3279,3276,3278,3279,3280,3281,3280,3280,3280,3280,3279
T,2747,1,0,-20764,190,421,0,0,5,524,-4,740,0,0,0,0
C,3280,3281,3282,3276,3279,3279,3276,3278,3279,3280,3281,3280,3280,3280,3280,3279
T,2748,1,0,19927,191,421,0,0,5,524,-4,740,0,0,0,0
C,3280,3281,3282,3276,3279,3279,3276,3278,3279,3280,3281,3280,3280,3280,3280,3279
T,2749,1,0,7366,190,421,0,0,5,524,-5,740,0,0,0,0
C,3280,3281,3282,3276,3279,3279,3276,3278,3279,3280,3281,3280,3280,3280,3280,3279
T,2750,3,0,2533,190,421,0,0,5,524,-5,740,0,0,0,0
C,3279,3281,3282,3276,3279,3279,3276,3278,3279,3280,3281,3280,3280,3280,3280,3279
T,2751,3,0,604,191,421,0,0,5,524,-5,740,0,0,0,0
C,3279,3281,3282,3276,3279,3279,3276,3278,3279,3280,3281,3280,3280,3280,3280,3279
T,2752,3,0,-19864,191,421,0,0,5,524,-5,740,0,0,0,0
C,3279,3281,3282,3276,3279,3279,3276,3278,3279,3280,3281,3280,3280,3280,3280,3279
T,2753,2,0,-25134,192,421,0,0,5,524,-5,740,0,0,0,0
C,3279,3280,3282,3277,3279,3279,3276,3278,3279,3280,3281,3280,3280,3280,3280,3279
T,2754,3,0,-18284,192,421,0,0,5,524,-5,740,0,0,0,0
C,3279,3280,3282,3277,3279,3279,3276,3278,3279,3280,3281,3280,3280,3280,3280,3279
T,2755,3,0,19482,193,421,0,0,5,524,-5,740,0,0,0,0
C,3279,3280,3282,3277,3279,3279,3276,3278,3279,3280,3281,3280,3280,3280,3280,3279
T,2756,2,0,8696,192,421,0,0,5,524,-5,740,0,0,0,0
C,3279,3280,3282,3277,3279,3279,3276,3278,3279,3280,3281,3280,3280,3280,3280,3279
T,2757,1,0,-21400,193,421,0,0,5,524,-5,740,0,0,0,0
C,3279,3280,3282,3277,3279,3279,3276,3278,3279,3280,3281,3280,3280,3280,3280,3279
T,2758,1,0,17887,192,421,0,0,5,524,-5,740,0,0,0,0
C,3279,3280,3282,3277,3279,3279,3276,3278,3279,3280,3281,3280,3280,3280,3280,3279
T,2759,3,0,25025,193,421,0,0,5,524,-5,740,0,0,0,0
C,3279,3281,3282,3276,3279,3279,3276,3278,3279,3280,3281,3280,3280,3280,3280,3279
T,2760,1,0,-16840,192,421,0,0,5,524,-5,740,0,0,0,0
C,3279,3281,3282,3276,3279,3279,3276,3278,3279,3280,3281,3280,3280,3280,3280,3279
T,2761,1,0,1536,191,421,0,0,5,524,-7,740,0,0,0,0
C,3279,3281,3282,3276,3279,3279,3276,3278,3279,3280,3281,3280,3280,3280,3280,3279
T,2762,2,0,-26934,193,421,0,0,5,524,-7,740,0,0,0,0
C,3280,3281,3282,3276,3279,3279,3276,3278,3279,3280,3281,3280,3280,3280,3280,3279
T,2763,1,0,-31926,193,421,0,0,5,524,-7,740,0,0,0,0
C,3280,3281,3282,3276,3279,3279,3276,3278,3279,3280,3281,3280,3280,3280,3280,3279
T,2764,1,0,6464,192,421,0,0,5,524,-8,740,0,0,0,0
C,3280,3281,3282,3276,3279,3279,3276,3278,3279,3280,3281,3280,3280,3280,3280,3279
T,2765,1,0,-20401,191,421,0,0,5,524,-8,740,0,0,0,0
C,3279,3280,3282,3276,3279,3280,3276,3278,3279,3280,3281,3280,3280,3281,3280,3279
T,2766,1,0,26544,190,421,0,0,5,524,-8,740,0,0,0,0
C,3279,3280,3282,3276,3279,3280,3276,3278,3279,3280,3281,3280,3280,3281,3280,3279
T,2767,0,0,2939,190,421,0,0,5,524,-8,740,0,0,0,0
C,3279,3280,3282,3276,3279,3280,3276,3278,3279,3280,3281,3280,3280,3281,3280,3279
T,2768,1,0,-31543,189,421,0,0,5,524,-8,740,0,0,0,0
C,3279,3280,3282,3276,3279,3279,3276,3278,3279,3280,3281,3280,3280,3280,3280,3279
T,2769,2,0,5624,189,421,0,0,5,524,-8,740,0,0,0,0
C,3279,3280,3282,3276,3279,3279,3276,3278,3279,3280,3281,3280,3280,3280,3280,3279
T,2770,3,0,16475,189,421,0,0,5,524,-6,740,0,0,0,0
C,3279,3280,3282,3276,3279,3279,3276,3278,3279,3280,3281,3280,3280,3280,3280,3279
T,2771,2,0,-12800,189,421,0,0,5,524,-6,740,0,0,0,0
C,3279,3280,3282,3277,3279,3279,3276,3278,3279,3280,3281,3280,3280,3280,3280,3279
T,2772,3,0,19634,190,421,0,0,5,524,-6,740,0,0,0,0
C,3279,3280,3282,3277,3279,3279,3276,3278,3279,3280,3281,3280,3280,3280,3280,3279
T,2773,2,0,641,190,421,0,0,5,524,-5,740,0,0,0,0
C,3279,3280,3282,3277,3279,3279,3276,3278,3279,3280,3281,3280,3280,3280,3280,3279
T,2774,2,0,-23080,190,421,0,0,5,524,-5,740,0,0,0,0
C,3279,3280,3282,3277,3279,3279,3276,3278,3279,3280,3281,3280,3280,3280,3280,3279
T,2775,2,0,-23246,191,421,0,0,5,524,-5,740,0,0,0,0
C,3279,3280,3282,3277,3279,3279,3276,3278,3279,3280,3281,3280,3280,3280,3280,3279
T,2776,3,0,-13791,193,421,0,0,5,524,-3,740,0,0,0,0
C,3279,3280,3282,3277,3279,3279,3276,3278,3279,3280,3281,3280,3280,3280,3280,3279
T,2777,2,0,18024,191,421,0,0,5,524,-3,740,0,0,0,0
C,3279,3280,3282,3276,3279,3279,3276,3278,3279,3280,3281,3280,3280,3280,3280,3279
T,2778,2,0,21824,190,421,0,0,5,524,-3,740,0,0,0,0
C,3279,3280,3282,3276,3279,3279,3276,3278,3279,3280,3281,3280,3280,3280,3280,3279
T,2779,2,0,-13652,189,421,0,0,5,524,-4,740,0,0,0,0
C,3279,3280,3282,3276,3279,3279,3276,3278,3279,3280,3281,3280,3280,3280,3280,3279
T,2780,2,0,-3921,188,421,0,0,5,524,-4,740,0,0,0,0
C,3279,3280,3282,3276,3279,3279,3276,3278,3279,3280,3281,3280,3280,3280,3280,3279
T,2781,3,1,1501,189,421,0,0,5,524,-4,740,0,0,0,0
C,3279,3280,3282,3276,3279,3279,3276,3278,3279,3280,3281,3280,3280,3280,3280,3279
T,2782,1,0,28408,191,421,0,0,5,524,-5,740,0,0,0,0
C,3279,3280,3282,3276,3279,3279,3276,3278,3279,3280,3281,3280,3280,3280,3280,3279
T,2783,2,0,17128,191,421,0,0,5,524,-5,740,0,0,0,0
C,3280,3281,3282,3277,3280,3280,3276,3278,3279,3280,3281,3280,3280,3280,3280,3279
T,2784,4,0,857,191,421,0,0,5,524,-5,740,0,0,0,0
C,3280,3281,3282,3277,3280,3280,3276,3278,3279,3280,3281,3280,3280,3280,3280,3279
T,2785,3,0,8428,189,421,0,0,5,524,-5,740,0,0,0,0
C,3280,3281,3282,3277,3280,3280,3276,3278,3279,3280,3281,3280,3280,3280,3280,3279
T,2786,2,0,25725,190,421,0,0,5,524,-5,740,0,0,0,0
C,3280,3281,3282,3276,3280,3280,3276,3278,3279,3280,3281,3280,3280,3281,3280,3279
T,2787,3,0,-15047,189,421,0,0,5,524,-5,740,0,0,0,0
C,3280,3281,3282,3276,3280,3280,3276,3278,3279,3280,3281,3280,3280,3281,3280,3279
T,2788,1,0,-17927,189,421,0,0,5,524,-4,740,0,0,0,0
C,3280,3281,3282,3276,3280,3280,3276,3278,3279,3280,3281,3280,3280,3281,3280,3279
T,2789,3,0,-29409,188,421,0,0,5,524,-4,740,0,0,0,0
C,3280,3281,3282,3276,3279,3279,3276,3278,3279,3281,3281,3280,3280,3280,3280,3279
T,2790,2,0,12800,189,421,0,0,5,524,-4,740,0,0,0,0
C,3280,3281,3282,3276,3279,3279,3276,3278,3279,3281,3281,3280,3280,3280,3280,3279
T,2791,3,0,16642,187,421,0,0,5,524,-3,740,0,0,0,0
C,3280,3281,3282,3276,3279,3279,3276,3278,3279,3281,3281,3280,3280,3280,3280,3279
T,2792,2,0,-25228,187,421,0,0,5,524,-3,740,0,0,0,0
C,3280,3280,3282,3277,3279,3279,3276,3278,3279,3281,3281,3280,3280,3280,3280,3279
T,2793,1,0,-7005,188,421,0,0,5,524,-3,740,0,0,0,0
C,3280,3280,3282,3277,3279,3279,3276,3278,3279,3281,3281,3280,3280,3280,3280,3279
T,2794,2,0,-11727,189,421,0,0,5,524,-5,740,0,0,0,0
C,3280,3280,3282,3277,3279,3279,3276,3278,3279,3281,3281,3280,3280,3280,3280,3279
T,2795,2,0,31176,188,421,0,0,5,524,-5,740,0,0,0,0
C,3279,3280,3282,3277,3279,3279,3276,3278,3279,3280,3281,3280,3280,3281,3280,3278
T,2796,3,0,14556,189,421,0,0,5,524,-5,740,0,0,0,0
C,3279,3280,3282,3277,3279,3279,3276,3278,3279,3280,3281,3280,3280,3281,3280,3278
T,2797,2,0,-28120,190,421,0,0,5,524,-4,740,0,0,0,0
C,3279,3280,3282,3277,3279,3279,3276,3278,3279,3280,3281,3280,3280,3281,3280,3278
T,2798,3,0,-8197,192,421,0,0,5,524,-4,740,0,0,0,0
C,3279,3281,3282,3277,3279,3279,3276,3278,3279,3280,3281,3280,3280,3281,3280,3278
T,2799,1,0,11037,190,421,0,0,5,524,-4,740,0,0,0,0
C,3279,3281,3282,3277,3279,3279,3276,3278,3279,3280,3281,3280,3280,3281,3280,3278
T,2800,2,0,-4254,190,421,0,0,5,524,-4,740,0,0,0,0
C,3279,3281,3282,3277,3279,3279,3276,3278,3279,3280,3281,3280,3280,3281,3280,3278
T,2801,1,0,-26464,189,421,0,0,5,524,-4,740,0,0,0,0
C,3280,3281,3282,3276,3279,3279,3276,3278,3279,3280,3281,3280,3279,3280,3280,3279
T,2802,2,0,27565,188,421,0,0,5,524,-4,740,0,0,0,0
C,3280,3281,3282,3276,3279,3279,3276,3278,3279,3280,3281,3280,3279,3280,3280,3279
T,2803,2,0,-23416,190,421,0,0,5,524,-4,740,0,0,0,0
C,3280,3281,3282,3276,3279,3279,3276,3278,3279,3280,3281,3280,3279,3280,3280,3279
T,2804,3,0,-10962,190,421,0,0,5,524,-4,740,0,0,0,0
C,3280,3281,3282,3276,3279,3280,3276,3278,3279,3280,3281,3280,3279,3280,3280,3279
T,2805,1,0,7441,189,421,0,0,5,524,-4,740,0,0,0,0
C,3280,3281,3282,3276,3279,3280,3276,3278,3279,3280,3281,3280,3279,3280,3280,3279
T,2806,2,0,17355,191,421,0,0,5,524,-3,740,0,0,0,0
C,3280,3281,3282,3276,3279,3280,3276,3278,3279,3280,3281,3280,3279,3280,3280,3279
T,2807,3,0,22025,190,421,0,0,5,524,-3,740,0,0,0,0
C,3280,3280,3282,3276,3279,3279,3276,3278,3279,3280,3281,3280,3280,3280,3280,3279
T,2808,2,0,2572,189,421,0,0,5,524,-3,740,0,0,0,0
C,3280,3280,3282,3276,3279,3279,3276,3278,3279,3280,3281,3280,3280,3280,3280,3279
T,2809,3,0,13667,190,421,0,0,5,524,-4,740,0,0,0,0
C,3280,3280,3282,3276,3279,3279,3276,3278,3279,3280,3281,3280,3280,3280,3280,3279
T,2810,3,0,-18050,190,421,0,0,5,524,-4,740,0,0,0,0
C,3280,3280,3282,3277,3279,3279,3276,3278,3279,3280,3281,3280,3280,3280,3280,3279
T,2811,1,0,-1400,190,421,0,0,5,524,-4,740,0,0,0,0
C,3280,3280,3282,3277,3279,3279,3276,3278,3279,3280,3281,3280,3280,3280,3280,3279
T,2812,3,0,-24022,190,421,0,0,5,524,-4,740,0,0,0,0
C,3280,3280,3282,3277,3279,3279,3276,3278,3279,3280,3281,3280,3280,3280,3280,3279
T,2813,2,0,11018,190,421,0,0,5,524,-4,740,0,0,0,0
C,3279,3281,3282,3276,3279,3280,3276,3278,3279,3280,3281,3280,3280,3281,3280,3279
T,2814,2,0,30750,190,421,0,0,5,524,-4,740,0,0,0,0
C,3279,3281,3282,3276,3279,3280,3276,3278,3279,3280,3281,3280,3280,3281,3280,3279
T,2815,3,0,19310,189,421,0,0,5,524,-4,740,0,0,0,0
C,3279,3281,3282,3276,3279,3280,3276,3278,3279,3280,3281,3280,3280,3281,3280,3279
T,2816,2,0,-31112,189,421,0,0,5,524,-4,740,0,0,0,0
C,3279,3281,3282,3276,3279,3280,3276,3278,3279,3280,3281,3280,3280,3281,3280,3279
T,2817,2,0,13938,190,421,0,0,5,524,-4,740,0,0,0,0
C,3279,3281,3282,3276,3279,3280,3276,3278,3279,3280,3281,3280,3280,3281,3280,3279
T,2818,3,0,13250,191,421,0,0,5,524,-5,740,0,0,0,0
C,3279,3281,3282,3276,3279,3280,3276,3278,3279,3280,3281,3280,3280,3281,3280,3279
T,2819,4,0,-25372,190,421,0,0,5,524,-5,740,0,0,0,0
C,3279,3281,3282,3277,3279,3279,3276,3278,3279,3280,3281,3280,3280,3280,3280,3279
T,2820,5,0,-2532,188,421,0,0,5,524,-5,740,0,0,0,0
C,3279,3281,3282,3277,3279,3279,3276,3278,3279,3280,3281,3280,3280,3280,3280,3279
T,2821,3,0,18308,188,421,0,0,5,524,-6,740,0,0,0,0
C,3279,3281,3282,3277,3279,3279,3276,3278,3279,3280,3281,3280,3280,3280,3280,3279
T,2822,3,0,-9319,189,421,0,0,5,524,-6,740,0,0,0,0
C,3279,3281,3282,3276,3279,3279,3276,3278,3279,3280,3281,3280,3280,3280,3280,3279
T,2823,1,0,-20038,189,421,0,0,5,524,-6,740,0,0,0,0
C,3279,3281,3282,3276,3279,3279,3276,3278,3279,3280,3281,3280,3280,3280,3280,3279
T,2824,2,0,22766,188,421,0,0,5,524,-5,740,0,0,0,0
C,3279,3281,3282,3276,3279,3279,3276,3278,3279,3280,3281,3280,3280,3280,3280,3279
T,2825,1,0,26746,188,421,0,0,5,524,-5,740,0,0,0,0
C,3279,3280,3282,3276,3279,3280,3276,3278,3279,3280,3281,3280,3280,3280,3280,3279
T,2826,1,0,25176,187,421,0,0,5,524,-5,740,0,0,0,0
C,3279,3280,3282,3276,3279,3280,3276,3278,3279,3280,3281,3280,3280,3280,3280,3279
T,2827,2,0,29104,187,421,0,0,5,524,-6,740,0,0,0,0
C,3279,3280,3282,3276,3279,3280,3276,3278,3279,3280,3281,3280,3280,3280,3280,3279
T,2828,2,0,-14728,185,421,0,0,5,524,-6,740,0,0,0,0
C,3279,3280,3282,3277,3279,3279,3276,3278,3279,3280,3281,3280,3280,3280,3280,3279
T,2829,3,0,-7850,186,421,0,0,5,524,-6,740,0,0,0,0
C,3279,3280,3282,3277,3279,3279,3276,3278,3279,3280,3281,3280,3280,3280,3280,3279
T,2830,3,0,-16624,189,421,0,0,5,524,-7,740,0,0,0,0
C,3279,3280,3282,3277,3279,3279,3276,3278,3279,3280,3281,3280,3280,3280,3280,3279
T,2831,3,0,5715,188,421,0,0,5,524,-7,740,0,0,0,0
C,3279,3280,3282,3276,3279,3279,3276,3278,3279,3280,3281,3280,3280,3280,3280,3279
T,2832,2,0,-4666,188,421,0,0,5,524,-7,740,0,0,0,0
C,3279,3280,3282,3276,3279,3279,3276,3278,3279,3280,3281,3280,3280,3280,3280,3279
T,2833,2,0,3496,190,421,0,0,5,524,-6,740,0,0,0,0
C,3279,3280,3282,3276,3279,3279,3276,3278,3279,3280,3281,3280,3280,3280,3280,3279
T,2834,1,0,2746,191,421,0,0,5,524,-6,740,0,0,0,0
C,3279,3280,3282,3276,3279,3279,3276,3278,3279,3280,3281,3280,3280,3280,3280,3279
T,2835,2,0,704,192,421,0,0,5,524,-6,740,0,0,0,0
C,3279,3280,3282,3276,3279,3279,3276,3278,3279,3280,3281,3280,3280,3280,3280,3279
T,2836,1,0,-14128,190,421,0,0,5,524,-5,740,0,0,0,0
C,3279,3280,3282,3276,3279,3279,3276,3278,3279,3280,3281,3280,3280,3280,3280,3279
T,2837,3,0,-24040,189,421,0,0,5,524,-5,740,0,0,0,0
C,3279,3281,3282,3276,3279,3280,3276,3278,3279,3280,3281,3280,3280,3280,3280,3279
T,2838,2,0,13504,190,421,0,0,5,524,-5,740,0,0,0,0
C,3279,3281,3282,3276,3279,3280,3276,3278,3279,3280,3281,3280,3280,3280,3280,3279
T,2839,3,0,-9145,191,421,0,0,5,524,-3,740,0,0,0,0
C,3279,3281,3282,3276,3279,3280,3276,3278,3279,3280,3281,3280,3280,3280,3280,3279
T,2840,3,0,5238,190,421,0,0,5,524,-3,740,0,0,0,0
C,3279,3281,3282,3276,3279,3279,3276,3278,3279,3280,3281,3280,3280,3280,3280,3279
T,2841,2,0,-20766,190,421,0,0,5,524,-3,740,0,0,0,0
C,3279,3281,3282,3276,3279,3279,3276,3278,3279,3280,3281,3280,3280,3280,3280,3279
T,2842,1,0,-16183,191,421,0,0,5,524,-3,740,0,0,0,0
C,3279,3281,3282,3276,3279,3279,3276,3278,3279,3280,3281,3280,3280,3280,3280,3279
T,2843,1,0,-14242,193,421,0,0,5,524,-3,740,0,0,0,0
C,3279,3281,3282,3276,3279,3279,3276,3278,3279,3280,3281,3280,3280,3280,3280,3279
T,2844,2,0,7494,192,421,0,0,5,524,-3,740,0,0,0,0
C,3279,3281,3282,3276,3279,3279,3276,3278,3279,3280,3281,3280,3280,3280,3280,3279
T,2845,3,0,20208,191,421,0,0,5,524,-4,740,0,0,0,0
C,3279,3281,3282,3276,3279,3279,3276,3278,3279,3280,3281,3280,3280,3280,3280,3279
T,2846,3,0,11611,192,421,0,0,5,524,-4,740,0,0,0,0
C,3279,3280,3282,3276,3279,3279,3276,3278,3279,3280,3281,3280,3280,3280,3280,3279
T,2847,2,0,5457,192,421,0,0,5,524,-4,740,0,0,0,0
C,3279,3280,3282,3276,3279,3279,3276,3278,3279,3280,3281,3280,3280,3280,3280,3279
T,2848,2,0,11217,192,421,0,0,5,524,-4,740,0,0,0,0
C,3279,3280,3282,3276,3279,3279,3276,3278,3279,3280,3281,3280,3280,3280,3280,3279
T,2849,1,0,13805,190,421,0,0,5,524,-4,740,0,0,0,0
C,3279,3280,3282,3277,3279,3279,3276,3278,3279,3280,3280,3280,3280,3280,3280,3279
T,2850,1,0,10107,192,421,0,0,5,524,-4,740,0,0,0,0
T,2851,1,0,-10208,190,421,0,0,5,524,-4,740,0,0,0,0
T,2852,1,0,-2459,190,421,0,0,5,524,-4,740,0,0,0,0
C,3280,3280,3282,3276,3280,3279,3276,3278,3279,3280,3280,3280,3280,3280,3280,3279
T,2853,2,0,-31600,191,421,0,0,5,524,-4,740,0,0,0,0
C,3280,3280,3282,3276,3280,3279,3276,3278,3279,3280,3280,3280,3280,3280,3280,3279
T,2854,2,0,-9476,191,421,0,0,5,524,-5,740,0,0,0,0
C,3280,3280,3282,3276,3280,3279,3276,3278,3279,3280,3280,3280,3280,3280,3280,3279
T,2855,1,0,900,190,421,0,0,5,524,-5,740,0,0,0,0
C,3280,3280,3282,3276,3280,3279,3276,3278,3279,3280,3281,3281,3280,3280,3280,3279
T,2856,1,0,-30043,191,421,0,0,5,524,-5,740,0,0,0,0
C,3280,3280,3282,3276,3280,3279,3276,3278,3279,3280,3281,3281,3280,3280,3280,3279
T,2857,1,0,11684,190,421,0,0,5,524,-5,740,0,0,0,0
C,3280,3280,3282,3276,3280,3279,3276,3278,3279,3280,3281,3281,3280,3280,3280,3279
T,2858,2,0,23466,188,421,0,0,5,524,-5,740,0,0,0,0
C,3280,3281,3282,3276,3279,3279,3276,3278,3279,3280,3281,3280,3280,3280,3280,3279
T,2859,1,0,17138,189,421,0,0,5,524,-5,740,0,0,0,0
C,3280,3281,3282,3276,3279,3279,3276,3278,3279,3280,3281,3280,3280,3280,3280,3279
T,2860,2,0,-25364,189,421,0,0,5,524,-5,740,0,0,0,0
C,3280,3281,3282,3276,3279,3279,3276,3278,3279,3280,3281,3280,3280,3280,3280,3279
T,2861,3,0,-1394,191,421,0,0,5,524,-5,740,0,0,0,0
C,3279,3281,3282,3276,3279,3279,3276,3278,3279,3280,3281,3280,3280,3280,3280,3279
T,2862,2,0,222,192,421,0,0,5,524,-5,740,0,0,0,0
C,3279,3281,3282,3276,3279,3279,3276,3278,3279,3280,3281,3280,3280,3280,3280,3279
T,2863,2,0,1683,191,421,0,0,5,524,-6,740,0,0,0,0
C,3279,3281,3282,3276,3279,3279,3276,3278,3279,3280,3281,3280,3280,3280,3280,3279
T,2864,2,0,4545,190,421,0,0,5,524,-6,740,0,0,0,0
C,3279,3280,3282,3276,3279,3280,3276,3278,3279,3280,3281,3280,3280,3280,3280,3279
T,2865,2,0,-2628,190,421,0,0,5,524,-6,740,0,0,0,0
C,3279,3280,3282,3276,3279,3280,3276,3278,3279,3280,3281,3280,3280,3280,3280,3279
T,2866,2,0,-186,190,421,0,0,5,524,-6,740,0,0,0,0
C,3279,3280,3282,3276,3279,3280,3276,3278,3279,3280,3281,3280,3280,3280,3280,3279
T,2867,1,0,-13170,190,421,0,0,5,524,-6,740,0,0,0,0
C,3280,3280,3282,3276,3279,3279,3276,3278,3279,3280,3281,3280,3280,3280,3280,3279
T,2868,3,0,-3180,189,421,0,0,5,524,-6,740,0,0,0,0
C,3280,3280,3282,3276,3279,3279,3276,3278,3279,3280,3281,3280,3280,3280,3280,3279
T,2869,1,0,-29170,191,421,0,0,5,524,-5,740,0,0,0,0
C,3280,3280,3282,3276,3279,3279,3276,3278,3279,3280,3281,3280,3280,3280,3280,3279
T,2870,1,0,-14565,191,421,0,0,5,524,-5,740,0,0,0,0
C,3280,3280,3282,3276,3279,3279,3276,3278,3279,3280,3281,3280,3280,3280,3280,3279
T,2871,1,0,-3825,190,421,0,0,5,524,-5,740,0,0,0,0
C,3280,3280,3282,3276,3279,3279,3276,3278,3279,3280,3281,3280,3280,3280,3280,3279
T,2872,2,0,11907,190,421,0,0,5,524,-5,740,0,0,0,0
C,3280,3280,3282,3276,3279,3279,3276,3278,3279,3280,3281,3280,3280,3280,3280,3279
T,2873,1,0,8205,191,421,0,0,5,524,-5,740,0,0,0,0
C,3279,3280,3282,3277,3279,3279,3276,3278,3279,3280,3281,3280,3280,3280,3280,3279
T,2874,2,0,13029,190,421,0,0,5,524,-5,740,0,0,0,0
C,3279,3280,3282,3277,3279,3279,3276,3278,3279,3280,3281,3280,3280,3280,3280,3279
T,2875,1,0,-1452,191,421,0,0,5,524,-4,740,0,0,0,0
C,3279,3280,3282,3277,3279,3279,3276,3278,3279,3280,3281,3280,3280,3280,3280,3279
T,2876,0,0,8717,190,421,0,0,5,524,-4,740,0,0,0,0
C,3279,3280,3282,3277,3279,3279,3276,3278,3279,3280,3281,3280,3280,3280,3280,3279
T,2877,1,0,-15498,189,421,0,0,5,524,-4,740,0,0,0,0
C,3279,3280,3282,3277,3279,3279,3276,3278,3279,3280,3281,3280,3280,3280,3280,3279
T,2878,1,0,11986,191,421,0,0,5,524,-5,740,0,0,0,0
C,3279,3280,3282,3277,3279,3279,3276,3278,3279,3280,3281,3280,3280,3280,3280,3279
T,2879,2,0,26256,189,421,0,0,5,524,-5,740,0,0,0,0
C,3279,3280,3282,3277,3279,3279,3276,3278,3279,3280,3281,3280,3280,3280,3280,3279
T,2880,2,0,-12527,191,421,0,0,5,524,-5,740,0,0,0,0
C,3279,3280,3282,3277,3279,3279,3276,3278,3279,3280,3281,3280,3280,3280,3280,3279
T,2881,3,0,2332,192,421,0,0,5,524,-5,740,0,0,0,0
C,3279,3280,3282,3277,3279,3279,3276,3278,3279,3280,3281,3280,3280,3280,3280,3279
T,2882,3,0,-7034,191,421,0,0,5,524,-5,740,0,0,0,0
C,3279,3280,3282,3276,3279,3279,3276,3278,3279,3280,3281,3280,3280,3280,3280,3279
T,2883,1,0,-23926,191,421,0,0,5,524,-5,740,0,0,0,0
C,3279,3280,3282,3276,3279,3279,3276,3278,3279,3280,3281,3280,3280,3280,3280,3279
T,2884,2,0,10619,192,421,0,0,5,524,-3,740,0,0,0,0
C,3279,3280,3282,3276,3279,3279,3276,3278,3279,3280,3281,3280,3280,3280,3280,3279
T,2885,1,0,-10423,191,421,0,0,5,524,-3,740,0,0,0,0
C,3279,3281,3282,3276,3279,3279,3276,3278,3279,3280,3281,3281,3280,3280,3280,3279
T,2886,2,0,4999,190,421,0,0,5,524,-3,740,0,0,0,0
C,3279,3281,3282,3276,3279,3279,3276,3278,3279,3280,3281,3281,3280,3280,3280,3279
T,2887,2,0,-16120,191,421,0,0,5,524,-3,740,0,0,0,0
C,3279,3281,3282,3276,3279,3279,3276,3278,3279,3280,3281,3281,3280,3280,3280,3279
T,2888,2,0,-13898,190,421,0,0,5,524,-3,740,0,0,0,0
C,3279,3281,3282,3276,3279,3279,3276,3278,3279,3280,3281,3280,3280,3280,3280,3279
T,2889,1,0,26813,188,421,0,0,5,524,-3,740,0,0,0,0
C,3279,3281,3282,3276,3279,3279,3276,3278,3279,3280,3281,3280,3280,3280,3280,3279
T,2890,2,0,28180,189,421,0,0,5,524,-4,740,0,0,0,0
C,3279,3281,3282,3276,3279,3279,3276,3278,3279,3280,3281,3280,3280,3280,3280,3279
T,2891,1,0,16822,189,421,0,0,5,524,-4,740,0,0,0,0
C,3279,3281,3282,3276,3280,3279,3276,3278,3279,3280,3281,3280,3280,3280,3280,3279
T,2892,3,0,14448,189,421,0,0,5,524,-4,740,0,0,0,0
C,3279,3281,3282,3276,3280,3279,3276,3278,3279,3280,3281,3280,3280,3280,3280,3279
T,2893,3,0,435,190,421,0,0,5,524,-5,740,0,0,0,0
C,3279,3281,3282,3276,3280,3279,3276,3278,3279,3280,3281,3280,3280,3280,3280,3279
T,2894,3,0,-5108,190,421,0,0,5,524,-5,740,0,0,0,0
C,3279,3280,3282,3276,3279,3280,3276,3278,3279,3280,3281,3280,3280,3280,3280,3279
T,2895,3,0,2094,190,421,0,0,5,524,-5,740,0,0,0,0
C,3279,3280,3282,3276,3279,3280,3276,3278,3279,3280,3281,3280,3280,3280,3280,3279
T,2896,4,0,24396,188,421,0,0,5,524,-5,740,0,0,0,0
C,3279,3280,3282,3276,3279,3280,3276,3278,3279,3280,3281,3280,3280,3280,3280,3279
T,2897,2,0,14840,189,421,0,0,5,524,-5,740,0,0,0,0
C,3280,3280,3282,3277,3279,3279,3276,3278,3279,3280,3281,3280,3280,3280,3280,3279
T,2898,2,0,22804,189,421,0,0,5,524,-5,740,0,0,0,0
C,3280,3280,3282,3277,3279,3279,3276,3278,3279,3280,3281,3280,3280,3280,3280,3279
T,2899,3,0,-26266,190,421,0,0,5,524,-4,740,0,0,0,0
C,3280,3280,3282,3277,3279,3279,3276,3278,3279,3280,3281,3280,3280,3280,3280,3279
T,2900,2,0,-2470,190,421,0,0,5,524,-4,740,0,0,0,0
C,3279,3281,3282,3277,3279,3279,3276,3278,3279,3280,3281,3280,3280,3280,3280,3279
T,2901,2,0,-27970,191,421,0,0,5,524,-4,740,0,0,0,0
C,3279,3281,3282,3277,3279,3279,3276,3278,3279,3280,3281,3280,3280,3280,3280,3279
T,2902,1,0,-23116,192,421,0,0,5,524,-5,740,0,0,0,0
C,3279,3281,3282,3277,3279,3279,3276,3278,3279,3280,3281,3280,3280,3280,3280,3279
T,2903,3,0,-23993,191,421,0,0,5,524,-5,740,0,0,0,0
C,3279,3280,3282,3276,3279,3280,3276,3278,3279,3280,3281,3281,3280,3280,3280,3279
T,2904,2,0,-25170,189,421,0,0,5,524,-5,740,0,0,0,0
C,3279,3280,3282,3276,3279,3280,3276,3278,3279,3280,3281,3281,3280,3280,3280,3279
T,2905,2,0,24442,190,421,0,0,5,524,-5,740,0,0,0,0
C,3279,3280,3282,3276,3279,3280,3276,3278,3279,3280,3281,3281,3280,3280,3280,3279
T,2906,1,0,30805,189,421,0,0,5,524,-5,740,0,0,0,0
C,3280,3280,3282,3276,3279,3280,3276,3278,3279,3280,3281,3280,3280,3280,3280,3279
T,2907,2,0,-26526,188,421,0,0,5,524,-5,740,0,0,0,0
C,3280,3280,3282,3276,3279,3280,3276,3278,3279,3280,3281,3280,3280,3280,3280,3279
T,2908,3,0,26859,189,421,0,0,5,524,-5,740,0,0,0,0
C,3280,3280,3282,3276,3279,3280,3276,3278,3279,3280,3281,3280,3280,3280,3280,3279
T,2909,4,0,10752,188,421,0,0,5,524,-5,740,0,0,0,0
C,3280,3280,3282,3277,3279,3280,3276,3278,3279,3280,3281,3280,3280,3280,3280,3279
T,2910,4,0,-3272,189,421,0,0,5,524,-5,740,0,0,0,0
C,3280,3280,3282,3277,3279,3280,3276,3278,3279,3280,3281,3280,3280,3280,3280,3279
T,2911,3,0,26366,189,421,0,0,5,524,-4,740,0,0,0,0
C,3280,3280,3282,3277,3279,3280,3276,3278,3279,3280,3281,3280,3280,3280,3280,3279
T,2912,4,0,29496,189,421,0,0,5,524,-4,740,0,0,0,0
C,3280,3281,3282,3277,3279,3279,3276,3278,3279,3280,3281,3280,3280,3280,3280,3279
T,2913,3,0,-30920,189,421,0,0,5,524,-4,740,0,0,0,0
C,3280,3281,3282,3277,3279,3279,3276,3278,3279,3280,3281,3280,3280,3280,3280,3279
T,2914,3,0,-5614,189,421,0,0,5,524,-5,740,0,0,0,0
C,3280,3281,3282,3277,3279,3279,3276,3278,3279,3280,3281,3280,3280,3280,3280,3279
T,2915,2,0,10076,188,421,0,0,5,524,-5,740,0,0,0,0
C,3279,3280,3282,3276,3279,3279,3276,3278,3279,3280,3281,3280,3280,3280,3280,3279
T,2916,3,0,1350,188,421,0,0,5,524,-5,740,0,0,0,0
C,3279,3280,3282,3276,3279,3279,3276,3278,3279,3280,3281,3280,3280,3280,3280,3279
T,2917,2,0,-11136,186,421,0,0,5,524,-5,740,0,0,0,0
C,3279,3280,3282,3276,3279,3279,3276,3278,3279,3280,3281,3280,3280,3280,3280,3279
T,2918,1,0,-20992,186,421,0,0,5,524,-5,740,0,0,0,0
C,3279,3280,3282,3276,3279,3279,3276,3278,3279,3280,3281,3280,3280,3280,3280,3279
T,2919,2,0,-12036,188,421,0,0,5,524,-5,740,0,0,0,0
C,3279,3280,3282,3276,3279,3279,3276,3278,3279,3280,3281,3280,3280,3280,3280,3279
T,2920,2,0,-1518,189,421,0,0,5,524,-3,740,0,0,0,0
C,3279,3280,3282,3276,3279,3279,3276,3278,3279,3280,3281,3280,3280,3280,3280,3279
T,2921,3,0,-23390,189,421,0,0,5,524,-3,740,0,0,0,0
C,3279,3280,3282,3277,3279,3279,3276,3278,3279,3280,3281,3280,3280,3280,3280,3279
T,2922,1,0,-28582,188,421,0,0,5,524,-3,740,0,0,0,0
C,3279,3280,3282,3277,3279,3279,3276,3278,3279,3280,3281,3280,3280,3280,3280,3279
T,2923,0,0,-21490,189,421,0,0,5,524,-3,740,0,0,0,0
C,3279,3280,3282,3277,3279,3279,3276,3278,3279,3280,3281,3280,3280,3280,3280,3279
T,2924,2,0,8841,190,421,0,0,5,524,-3,740,0,0,0,0
C,3279,3280,3282,3277,3279,3279,3276,3278,3279,3280,3281,3280,3280,3280,3280,3279
T,2925,0,0,29440,190,421,0,0,5,524,-3,740,0,0,0,0
C,3279,3280,3282,3277,3279,3279,3276,3278,3279,3280,3281,3280,3280,3280,3280,3279
T,2926,1,0,24979,189,421,0,0,5,524,-4,740,0,0,0,0
C,3279,3280,3282,3277,3279,3279,3276,3278,3279,3280,3281,3280,3280,3280,3280,3279
T,2927,2,0,24944,189,421,0,0,5,524,-4,740,0,0,0,0
C,3279,3281,3282,3276,3279,3279,3276,3278,3279,3280,3281,3280,3280,3280,3280,3279
T,2928,4,0,31350,190,421,0,0,5,524,-4,740,0,0,0,0
C,3279,3281,3282,3276,3279,3279,3276,3278,3279,3280,3281,3280,3280,3280,3280,3279
T,2929,2,0,25152,188,422,0,0,5,524,-5,740,0,0,0,0
C,3279,3281,3282,3276,3279,3279,3276,3278,3279,3280,3281,3280,3280,3280,3280,3279
T,2930,2,0,-10830,188,421,0,0,5,524,-5,740,0,0,0,0
C,3279,3281,3282,3276,3279,3279,3276,3278,3279,3280,3281,3280,3280,3280,3280,3279
T,2931,3,0,19770,188,421,0,0,5,524,-5,740,0,0,0,0
C,3279,3281,3282,3276,3279,3279,3276,3278,3279,3280,3281,3280,3280,3280,3280,3279
T,2932,2,0,-6862,188,421,0,0,5,524,-6,740,0,0,0,0
C,3279,3281,3282,3276,3279,3279,3276,3278,3279,3280,3281,3280,3280,3280,3280,3279
T,2933,2,0,15223,189,421,0,0,5,524,-6,740,0,0,0,0
C,3279,3280,3282,3276,3279,3279,3276,3278,3279,3280,3281,3280,3280,3280,3280,3279
T,2934,1,0,-16410,189,421,0,0,5,524,-6,740,0,0,0,0
C,3279,3280,3282,3276,3279,3279,3276,3278,3279,3280,3281,3280,3280,3280,3280,3279
T,2935,0,0,28365,188,421,0,0,5,524,-6,740,0,0,0,0
C,3279,3280,3282,3276,3279,3279,3276,3278,3279,3280,3281,3280,3280,3280,3280,3279
T,2936,1,0,24788,190,421,0,0,5,524,-6,740,0,0,0,0
C,3279,3280,3282,3276,3279,3279,3276,3278,3279,3280,3281,3280,3280,3280,3280,3279
T,2937,2,0,714,190,421,0,0,5,524,-6,740,0,0,0,0
C,3279,3280,3282,3276,3279,3279,3276,3278,3279,3280,3281,3280,3280,3280,3280,3279
T,2938,2,0,-13378,192,421,0,0,5,524,-5,740,0,0,0,0
C,3279,3280,3282,3276,3279,3279,3276,3278,3279,3280,3281,3280,3280,3280,3280,3279
T,2939,2,0,4047,191,421,0,0,5,524,-5,740,0,0,0,0
C,3279,3280,3282,3276,3279,3279,3276,3278,3279,3280,3281,3280,3280,3280,3280,3279
T,2940,1,0,2088,191,421,0,0,5,524,-5,740,0,0,0,0
C,3279,3280,3282,3276,3279,3279,3276,3278,3279,3280,3281,3280,3280,3280,3280,3279
T,2941,2,0,-30786,191,421,0,0,5,524,-4,740,0,0,0,0
C,3279,3280,3282,3276,3279,3279,3276,3278,3279,3280,3281,3280,3280,3280,3280,3279
T,2942,4,0,-1826,190,421,0,0,5,524,-4,740,0,0,0,0
C,3279,3280,3282,3276,3279,3279,3276,3278,3279,3280,3281,3280,3280,3280,3280,3279
T,2943,2,0,-18404,190,421,0,0,5,524,-4,740,0,0,0,0
C,3279,3280,3282,3276,3279,3279,3276,3278,3279,3280,3281,3280,3280,3280,3280,3279
T,2944,4,0,6582,189,421,0,0,5,524,-3,740,0,0,0,0
C,3279,3280,3282,3276,3279,3279,3276,3278,3279,3280,3281,3280,3280,3280,3280,3279
T,2945,3,0,23608,190,421,0,0,5,524,-3,740,0,0,0,0
C,3279,3280,3282,3277,3279,3279,3276,3278,3279,3280,3281,3280,3280,3280,3280,3279
T,2946,1,0,1153,192,421,0,0,5,524,-3,740,0,0,0,0
C,3279,3280,3282,3277,3279,3279,3276,3278,3279,3280,3281,3280,3280,3280,3280,3279
T,2947,3,0,5764,192,421,0,0,5,524,-5,740,0,0,0,0
C,3279,3280,3282,3277,3279,3279,3276,3278,3279,3280,3281,3280,3280,3280,3280,3279
T,2948,3,0,22106,191,421,0,0,5,524,-5,740,0,0,0,0
C,3279,3280,3282,3277,3279,3279,3276,3278,3279,3280,3281,3280,3280,3280,3280,3279
T,2949,3,0,-28722,192,421,0,0,5,524,-5,740,0,0,0,0
C,3279,3280,3282,3277,3279,3279,3276,3278,3279,3280,3281,3280,3280,3280,3280,3279
T,2950,2,0,27814,192,421,0,0,5,524,-4,740,0,0,0,0
C,3279,3280,3282,3277,3279,3279,3276,3278,3279,3280,3281,3280,3280,3280,3280,3279
T,2951,2,0,10258,193,421,0,0,5,524,-4,740,0,0,0,0
C,3280,3280,3282,3276,3279,3279,3276,3278,3279,3280,3280,3280,3280,3280,3280,3279
T,2952,1,0,-1187,190,421,0,0,5,524,-4,740,0,0,0,0
C,3280,3280,3282,3276,3279,3279,3276,3278,3279,3280,3280,3280,3280,3280,3280,3279
T,2953,1,0,-26883,190,421,0,0,5,524,-4,740,0,0,0,0
C,3280,3280,3282,3276,3279,3279,3276,3278,3279,3280,3280,3280,3280,3280,3280,3279
T,2954,1,0,17244,192,421,0,0,5,524,-4,740,0,0,0,0
C,3280,3281,3282,3276,3279,3279,3276,3278,3279,3280,3280,3280,3280,3280,3280,3279
T,2955,1,0,10937,192,421,0,0,5,524,-4,740,0,0,0,0
C,3280,3281,3282,3276,3279,3279,3276,3278,3279,3280,3280,3280,3280,3280,3280,3279
T,2956,1,0,24050,192,421,0,0,5,524,-5,740,0,0,0,0
C,3280,3281,3282,3276,3279,3279,3276,3278,3279,3280,3280,3280,3280,3280,3280,3279
T,2957,2,0,13225,193,421,0,0,5,524,-5,740,0,0,0,0
C,3279,3281,3282,3277,3279,3279,3276,3278,3279,3280,3281,3280,3280,3280,3280,3279
T,2958,3,0,-16240,192,421,0,0,5,524,-5,740,0,0,0,0
C,3279,3281,3282,3277,3279,3279,3276,3278,3279,3280,3281,3280,3280,3280,3280,3279
T,2959,3,0,-12560,191,421,0,0,5,524,-3,740,0,0,0,0
C,3279,3281,3282,3277,3279,3279,3276,3278,3279,3280,3281,3280,3280,3280,3280,3279
T,2960,2,0,-32366,190,421,0,0,5,524,-3,740,0,0,0,0
C,3279,3281,3282,3277,3279,3279,3276,3278,3279,3280,3281,3280,3280,3280,3280,3279
T,2961,1,0,-1162,188,421,0,0,5,524,-3,740,0,0,0,0
C,3279,3281,3282,3277,3279,3279,3276,3278,3279,3280,3281,3280,3280,3280,3280,3279
T,2962,2,0,199,189,421,0,0,5,524,-4,740,0,0,0,0
C,3279,3281,3282,3277,3279,3279,3276,3278,3279,3280,3281,3280,3280,3280,3280,3279
T,2963,3,0,-20837,190,421,0,0,5,524,-4,740,0,0,0,0
C,3279,3281,3282,3276,3279,3279,3276,3278,3279,3280,3281,3280,3280,3280,3280,3279
T,2964,1,0,-21164,191,421,0,0,5,524,-4,740,0,0,0,0
C,3279,3281,3282,3276,3279,3279,3276,3278,3279,3280,3281,3280,3280,3280,3280,3279
T,2965,2,0,16162,190,421,0,0,5,524,-4,740,0,0,0,0
C,3279,3281,3282,3276,3279,3279,3276,3278,3279,3280,3281,3280,3280,3280,3280,3279
T,2966,1,0,20998,189,421,0,0,5,524,-4,740,0,0,0,0
C,3279,3280,3282,3276,3279,3279,3276,3278,3279,3280,3281,3280,3280,3280,3280,3279
T,2967,1,0,-7490,189,421,0,0,5,524,-4,740,0,0,0,0
C,3279,3280,3282,3276,3279,3279,3276,3278,3279,3280,3281,3280,3280,3280,3280,3279
T,2968,1,0,-4350,188,421,0,0,5,524,-5,740,0,0,0,0
C,3279,3280,3282,3276,3279,3279,3276,3278,3279,3280,3281,3280,3280,3280,3280,3279
T,2969,1,0,14552,188,421,0,0,5,524,-5,740,0,0,0,0
C,3279,3280,3282,3276,3279,3279,3276,3278,3279,3280,3281,3280,3280,3280,3280,3279
T,2970,2,0,-2386,187,421,0,0,5,524,-5,740,0,0,0,0
C,3279,3280,3282,3276,3279,3279,3276,3278,3279,3280,3281,3280,3280,3280,3280,3279
T,2971,3,0,3926,189,421,0,0,5,524,-4,740,0,0,0,0
C,3279,3280,3282,3276,3279,3279,3276,3278,3279,3280,3281,3280,3280,3280,3280,3279
T,2972,3,0,-30282,189,421,0,0,5,524,-4,740,0,0,0,0
C,3279,3281,3282,3276,3279,3279,3276,3278,3279,3280,3281,3280,3280,3280,3280,3279
T,2973,2,0,-7708,190,421,0,0,5,524,-4,740,0,0,0,0
C,3279,3281,3282,3276,3279,3279,3276,3278,3279,3280,3281,3280,3280,3280,3280,3279
T,2974,2,0,27178,191,421,0,0,5,524,-5,740,0,0,0,0
C,3279,3281,3282,3276,3279,3279,3276,3278,3279,3280,3281,3280,3280,3280,3280,3279
T,2975,3,0,-3528,190,421,0,0,5,524,-5,740,0,0,0,0
C,3279,3281,3282,3276,3279,3279,3276,3278,3279,3280,3280,3280,3280,3280,3280,3279
T,2976,3,0,23408,190,421,0,0,5,524,-5,740,0,0,0,0
C,3279,3281,3282,3276,3279,3279,3276,3278,3279,3280,3280,3280,3280,3280,3280,3279
T,2977,4,0,28806,189,421,0,0,5,524,-5,740,0,0,0,0
C,3279,3281,3282,3276,3279,3279,3276,3278,3279,3280,3280,3280,3280,3280,3280,3279
T,2978,3,0,5682,189,421,0,0,5,524,-5,740,0,0,0,0
C,3279,3281,3282,3276,3279,3279,3276,3278,3279,3280,3280,3280,3280,3280,3280,3279
T,2979,1,0,10445,188,421,0,0,5,524,-5,740,0,0,0,0
C,3279,3281,3282,3276,3279,3279,3276,3278,3279,3280,3280,3280,3280,3280,3280,3279
T,2980,2,0,18567,191,421,0,0,5,524,-5,740,0,0,0,0
C,3279,3281,3282,3276,3279,3279,3276,3278,3279,3280,3280,3280,3280,3280,3280,3279
T,2981,1,0,30828,190,421,0,0,5,524,-5,740,0,0,0,0
C,3279,3281,3282,3276,3279,3279,3276,3278,3279,3280,3280,3280,3280,3280,3280,3279
T,2982,1,0,-1388,190,421,0,0,5,524,-5,740,0,0,0,0
C,3279,3281,3282,3276,3279,3279,3276,3278,3279,3280,3280,3280,3280,3280,3280,3279
T,2983,2,0,5220,190,421,0,0,5,524,-5,740,0,0,0,0
C,3279,3281,3282,3276,3279,3279,3276,3278,3279,3280,3280,3280,3280,3280,3280,3279
T,2984,3,0,-5168,192,421,0,0,5,524,-5,740,0,0,0,0
C,3279,3281,3282,3276,3279,3279,3276,3278,3279,3280,3280,3280,3280,3280,3280,3279
T,2985,3,0,-26230,192,421,0,0,5,524,-5,740,0,0,0,0
C,3279,3281,3282,3276,3279,3279,3276,3278,3279,3280,3280,3280,3280,3280,3280,3279
T,2986,3,0,22875,191,421,0,0,5,524,-5,740,0,0,0,0
C,3279,3281,3282,3276,3279,3279,3276,3278,3279,3280,3280,3280,3280,3280,3280,3279
T,2987,3,0,-5712,191,421,0,0,5,524,-5,740,0,0,0,0
C,3279,3280,3282,3276,3279,3279,3276,3278,3279,3280,3281,3280,3280,3280,3280,3279
T,2988,3,0,-6944,191,421,0,0,5,524,-5,740,0,0,0,0
C,3279,3280,3282,3276,3279,3279,3276,3278,3279,3280,3281,3280,3280,3280,3280,3279
T,2989,3,0,3521,192,421,0,0,5,524,-3,740,0,0,0,0
C,3279,3280,3282,3276,3279,3279,3276,3278,3279,3280,3281,3280,3280,3280,3280,3279
T,2990,1,0,-31448,192,421,0,0,5,524,-3,740,0,0,0,0
C,3279,3280,3282,3276,3279,3279,3276,3278,3279,3280,3281,3280,3280,3280,3280,3279
T,2991,2,0,10132,190,421,0,0,5,524,-3,740,0,0,0,0
C,3279,3280,3282,3276,3279,3279,3276,3278,3279,3280,3281,3280,3280,3280,3280,3279
T,2992,3,0,25758,190,421,0,0,5,524,-6,740,0,0,0,0
C,3279,3280,3282,3276,3279,3279,3276,3278,3279,3280,3281,3280,3280,3280,3280,3279
T,2993,3,0,-31897,189,421,0,0,5,524,-6,740,0,0,0,0
C,3279,3280,3282,3276,3279,3279,3276,3278,3279,3280,3280,3280,3280,3280,3280,3279
T,2994,1,0,-26422,187,421,0,0,5,524,-6,740,0,0,0,0
C,3279,3280,3282,3276,3279,3279,3276,3278,3279,3280,3280,3280,3280,3280,3280,3279
T,2995,0,0,5389,188,421,0,0,5,524,-5,740,0,0,0,0
C,3279,3280,3282,3276,3279,3279,3276,3278,3279,3280,3280,3280,3280,3280,3280,3279
T,2996,2,0,8153,189,421,0,0,5,524,-5,740,0,0,0,0
C,3279,3281,3282,3276,3279,3279,3276,3278,3279,3280,3280,3280,3280,3280,3280,3279
T,2997,1,0,-15375,190,421,0,0,5,524,-5,740,0,0,0,0
C,3279,3281,3282,3276,3279,3279,3276,3278,3279,3280,3280,3280,3280,3280,3280,3279
T,2998,1,0,21247,192,421,0,0,5,524,-4,740,0,0,0,0
C,3279,3281,3282,3276,3279,3279,3276,3278,3279,3280,3280,3280,3280,3280,3280,3279
T,2999,1,0,-7853,191,421,0,0,5,524,-4,740,0,0,0,0
C,3279,3281,3282,3276,3279,3279,3276,3278,3279,3280,3280,3280,3280,3280,3280,3279
T,3000,1,0,16219,191,421,0,0,5,524,-4,740,0,0,0,0
C,3279,3281,3282,3276,3279,3279,3276,3278,3279,3280,3281,3280,3280,3280,3280,3279
T,3001,1,0,-978,190,421,0,0,5,524,-4,740,0,0,0,0
C,3279,3281,3282,3276,3279,3279,3276,3278,3279,3280,3281,3280,3280,3280,3280,3279
T,3002,1,0,-12952,191,421,0,0,5,524,-5,740,0,0,0,0
C,3279,3281,3282,3276,3279,3279,3276,3278,3279,3280,3281,3280,3280,3280,3280,3279
T,3003,3,0,-11790,192,421,0,0,5,524,-5,740,0,0,0,0
C,3279,3281,3282,3277,3279,3279,3276,3278,3279,3280,3281,3280,3280,3280,3280,3279
T,3004,1,0,13737,193,421,0,0,5,524,-5,740,0,0,0,0
C,3279,3281,3282,3277,3279,3279,3276,3278,3279,3280,3281,3280,3280,3280,3280,3279
T,3005,3,0,23908,191,421,0,0,5,524,-6,740,0,0,0,0
C,3279,3281,3282,3277,3279,3279,3276,3278,3279,3280,3281,3280,3280,3280,3280,3279
T,3006,1,0,10258,191,421,0,0,5,524,-6,740,0,0,0,0
C,3279,3281,3282,3277,3279,3280,3276,3278,3279,3280,3281,3280,3280,3280,3280,3279
T,3007,3,0,20702,193,421,0,0,5,524,-6,740,0,0,0,0
C,3279,3281,3282,3277,3279,3280,3276,3278,3279,3280,3281,3280,3280,3280,3280,3279
T,3008,2,0,3091,191,421,0,0,5,524,-6,740,0,0,0,0
C,3279,3281,3282,3277,3279,3280,3276,3278,3279,3280,3281,3280,3280,3280,3280,3279
T,3009,2,0,12552,190,421,0,0,5,524,-6,740,0,0,0,0
C,3279,3281,3282,3277,3279,3280,3276,3278,3279,3280,3281,3281,3280,3280,3280,3279
T,3010,2,0,28263,190,421,0,0,5,524,-6,740,0,0,0,0
C,3279,3281,3282,3277,3279,3280,3276,3278,3279,3280,3281,3281,3280,3280,3280,3279
T,3011,2,0,19748,191,421,0,0,5,524,-6,740,0,0,0,0
C,3279,3281,3282,3277,3279,3280,3276,3278,3279,3280,3281,3281,3280,3280,3280,3279
T,3012,2,0,18638,192,421,0,0,5,524,-6,740,0,0,0,0
C,3279,3281,3282,3276,3280,3279,3276,3278,3279,3280,3280,3280,3280,3280,3280,3279
T,3013,2,0,11893,192,421,0,0,5,524,-6,740,0,0,0,0
C,3279,3281,3282,3276,3280,3279,3276,3278,3279,3280,3280,3280,3280,3280,3280,3279
T,3014,2,0,-11528,192,421,0,0,5,524,-5,740,0,0,0,0
C,3279,3281,3282,3276,3280,3279,3276,3278,3279,3280,3280,3280,3280,3280,3280,3279
T,3015,3,0,27385,194,421,0,0,5,524,-5,740,0,0,0,0
C,3279,3281,3282,3276,3280,3279,3276,3278,3279,3280,3280,3280,3280,3280,3280,3279
T,3016,3,0,7522,193,421,0,0,5,524,-5,740,0,0,0,0
C,3279,3281,3282,3276,3280,3279,3276,3278,3279,3280,3280,3280,3280,3280,3280,3279
T,3017,2,0,-13123,191,421,0,0,5,524,-5,740,0,0,0,0
C,3279,3281,3282,3276,3280,3279,3276,3278,3279,3280,3280,3280,3280,3280,3280,3279
T,3018,2,0,-21954,193,421,0,0,5,524,-5,740,0,0,0,0
C,3279,3281,3282,3276,3279,3279,3276,3278,3279,3280,3281,3280,3280,3280,3280,3279
T,3019,2,0,6516,193,421,0,0,5,524,-5,740,0,0,0,0
C,3279,3281,3282,3276,3279,3279,3276,3278,3279,3280,3281,3280,3280,3280,3280,3279
T,3020,2,0,25666,194,421,0,0,5,524,-5,740,0,0,0,0
C,3279,3281,3282,3276,3279,3279,3276,3278,3279,3280,3281,3280,3280,3280,3280,3279
T,3021,2,0,20036,194,421,0,0,5,524,-5,740,0,0,0,0
C,3279,3281,3282,3276,3279,3279,3276,3278,3279,3280,3281,3280,3280,3281,3280,3279
T,3022,1,0,-25412,193,421,0,0,5,524,-5,740,0,0,0,0
C,3279,3281,3282,3276,3279,3279,3276,3278,3279,3280,3281,3280,3280,3281,3280,3279
T,3023,0,0,17483,192,421,0,0,5,524,-5,740,0,0,0,0
C,3279,3281,3282,3276,3279,3279,3276,3278,3279,3280,3281,3280,3280,3281,3280,3279
T,3024,1,0,11718,192,421,0,0,5,524,-5,740,0,0,0,0
C,3279,3281,3282,3277,3279,3279,3276,3278,3279,3280,3281,3280,3280,3280,3280,3279
T,3025,1,0,-10488,192,421,0,0,5,524,-5,740,0,0,0,0
C,3279,3281,3282,3277,3279,3279,3276,3278,3279,3280,3281,3280,3280,3280,3280,3279
T,3026,0,0,-19752,193,421,0,0,5,524,-4,740,0,0,0,0
C,3279,3281,3282,3277,3279,3279,3276,3278,3279,3280,3281,3280,3280,3280,3280,3279
T,3027,1,0,14119,193,421,0,0,5,524,-4,740,0,0,0,0
C,3279,3280,3282,3277,3279,3279,3276,3278,3279,3280,3281,3280,3280,3280,3280,3279
T,3028,1,0,3984,193,421,0,0,5,524,-4,740,0,0,0,0
C,3279,3280,3282,3277,3279,3279,3276,3278,3279,3280,3281,3280,3280,3280,3280,3279
T,3029,1,0,-1858,193,421,0,0,5,524,-4,740,0,0,0,0
C,3279,3280,3282,3277,3279,3279,3276,3278,3279,3280,3281,3280,3280,3280,3280,3279
T,3030,2,0,22052,192,421,0,0,5,524,-4,740,0,0,0,0
C,3279,3280,3282,3276,3279,3279,3276,3278,3279,3280,3281,3280,3280,3280,3280,3279
T,3031,2,0,-4839,193,421,0,0,5,524,-4,740,0,0,0,0
C,3279,3280,3282,3276,3279,3279,3276,3278,3279,3280,3281,3280,3280,3280,3280,3279
T,3032,2,0,-11728,192,421,0,0,5,524,-4,740,0,0,0,0
C,3279,3280,3282,3276,3279,3279,3276,3278,3279,3280,3281,3280,3280,3280,3280,3279
T,3033,2,0,12299,192,421,0,0,5,524,-4,740,0,0,0,0
C,3279,3280,3282,3276,3279,3279,3276,3278,3279,3280,3281,3280,3280,3280,3280,3279
T,3034,3,0,6329,192,421,0,0,5,524,-4,740,0,0,0,0
C,3279,3280,3282,3276,3279,3279,3276,3278,3279,3280,3281,3280,3280,3280,3280,3279
T,3035,1,0,20529,191,421,0,0,5,524,-3,740,0,0,0,0
C,3279,3280,3282,3276,3279,3279,3276,3278,3279,3280,3281,3280,3280,3280,3280,3279
T,3036,1,0,12354,190,421,0,0,5,524,-3,740,0,0,0,0
C,3279,3280,3282,3277,3279,3279,3276,3278,3279,3280,3281,3281,3280,3280,3280,3279
T,3037,2,0,-1722,189,421,0,0,5,524,-3,740,0,0,0,0
C,3279,3280,3282,3277,3279,3279,3276,3278,3279,3280,3281,3281,3280,3280,3280,3279
T,3038,2,0,-23375,190,421,0,0,5,524,-5,740,0,0,0,0
C,3279,3280,3282,3277,3279,3279,3276,3278,3279,3280,3281,3281,3280,3280,3280,3279
T,3039,2,0,-14408,189,421,0,0,5,524,-5,740,0,0,0,0
C,3279,3280,3282,3277,3279,3279,3276,3278,3279,3280,3281,3281,3280,3280,3280,3279
T,3040,2,0,22091,187,421,0,0,5,524,-5,740,0,0,0,0
C,3279,3280,3282,3277,3279,3279,3276,3278,3279,3280,3281,3281,3280,3280,3280,3279
T,3041,3,0,6158,187,421,0,0,5,524,-5,740,0,0,0,0
C,3279,3280,3282,3277,3279,3279,3276,3278,3279,3280,3281,3281,3280,3280,3280,3279
T,3042,2,0,2081,187,421,0,0,5,524,-5,740,0,0,0,0
C,3279,3280,3282,3277,3279,3280,3276,3278,3278,3280,3281,3280,3280,3280,3280,3279
T,3043,4,0,-12492,187,421,0,0,5,524,-5,740,0,0,0,0
C,3279,3280,3282,3277,3279,3280,3276,3278,3278,3280,3281,3280,3280,3280,3280,3279
T,3044,2,0,-19538,188,421,0,0,5,524,-5,740,0,0,0,0
C,3279,3280,3282,3277,3279,3280,3276,3278,3278,3280,3281,3280,3280,3280,3280,3279
T,3045,3,0,19426,189,421,0,0,5,524,-5,740,0,0,0,0
C,3279,3280,3282,3277,3279,3279,3276,3278,3278,3280,3281,3280,3280,3281,3280,3279
T,3046,3,0,-27488,190,421,0,0,5,524,-5,740,0,0,0,0
C,3279,3280,3282,3277,3279,3279,3276,3278,3278,3280,3281,3280,3280,3281,3280,3279
T,3047,2,0,14503,192,421,0,0,5,524,-5,740,0,0,0,0
C,3279,3280,3282,3277,3279,3279,3276,3278,3278,3280,3281,3280,3280,3281,3280,3279
T,3048,2,0,10288,191,421,0,0,5,524,-5,740,0,0,0,0
C,3279,3280,3282,3277,3279,3279,3276,3278,3279,3280,3281,3280,3280,3280,3280,3279
T,3049,2,0,22572,190,421,0,0,5,524,-5,740,0,0,0,0
C,3279,3280,3282,3277,3279,3279,3276,3278,3279,3280,3281,3280,3280,3280,3280,3279
T,3050,1,0,7526,191,421,0,0,5,524,-4,740,0,0,0,0
C,3279,3280,3282,3277,3279,3279,3276,3278,3279,3280,3281,3280,3280,3280,3280,3279
T,3051,0,0,-11698,193,421,0,0,5,524,-4,740,0,0,0,0
C,3279,3281,3282,3277,3279,3279,3276,3278,3279,3280,3281,3280,3280,3280,3280,3279
T,3052,2,0,53,192,421,0,0,5,524,-4,740,0,0,0,0
C,3279,3281,3282,3277,3279,3279,3276,3278,3279,3280,3281,3280,3280,3280,3280,3279
T,3053,1,0,22701,191,421,0,0,5,524,-5,740,0,0,0,0
C,3279,3281,3282,3277,3279,3279,3276,3278,3279,3280,3281,3280,3280,3280,3280,3279
T,3054,0,0,23176,191,421,0,0,5,524,-5,740,0,0,0,0
C,3280,3281,3282,3277,3279,3279,3276,3278,3279,3280,3281,3280,3280,3280,3280,3279
T,3055,0,0,-8090,190,421,0,0,5,524,-5,740,0,0,0,0
C,3280,3281,3282,3277,3279,3279,3276,3278,3279,3280,3281,3280,3280,3280,3280,3279
T,3056,2,0,-29623,188,421,0,0,5,524,-5,740,0,0,0,0
C,3280,3281,3282,3277,3279,3279,3276,3278,3279,3280,3281,3280,3280,3280,3280,3279
T,3057,3,0,-2174,189,421,0,0,5,524,-5,740,0,0,0,0
C,3279,3281,3282,3276,3279,3279,3276,3278,3279,3280,3281,3280,3280,3280,3280,3279
T,3058,3,0,-30581,190,421,0,0,5,524,-5,740,0,0,0,0
C,3279,3281,3282,3276,3279,3279,3276,3278,3279,3280,3281,3280,3280,3280,3280,3279
T,3059,3,0,6776,190,421,0,0,5,524,-4,740,0,0,0,0
C,3279,3281,3282,3276,3279,3279,3276,3278,3279,3280,3281,3280,3280,3280,3280,3279
T,3060,3,0,-25637,189,421,0,0,5,524,-4,740,0,0,0,0
C,3279,3281,3282,3276,3279,3279,3276,3278,3279,3280,3281,3280,3280,3280,3280,3279
T,3061,2,0,-22429,189,421,0,0,5,524,-4,740,0,0,0,0
C,3279,3281,3282,3276,3279,3279,3276,3278,3279,3280,3281,3280,3280,3280,3280,3279
T,3062,2,0,-9285,188,421,0,0,5,524,-5,740,0,0,0,0
C,3279,3281,3282,3276,3279,3279,3276,3278,3279,3280,3281,3280,3280,3280,3280,3279
T,3063,3,0,9744,189,421,0,0,5,524,-5,740,0,0,0,0
C,3280,3281,3282,3276,3279,3280,3276,3278,3279,3280,3281,3280,3280,3280,3280,3279
T,3064,2,0,10172,190,421,0,0,5,524,-5,740,0,0,0,0
C,3280,3281,3282,3276,3279,3280,3276,3278,3279,3280,3281,3280,3280,3280,3280,3279
T,3065,1,0,-15980,190,421,0,0,5,524,-5,740,0,0,0,0
C,3280,3281,3282,3276,3279,3280,3276,3278,3279,3280,3281,3280,3280,3280,3280,3279
T,3066,2,0,23806,190,421,0,0,5,524,-5,740,0,0,0,0
C,3279,3280,3282,3277,3280,3279,3276,3278,3279,3280,3281,3280,3280,3280,3280,3279
T,3067,2,0,-7358,190,421,0,0,5,524,-5,740,0,0,0,0
C,3279,3280,3282,3277,3280,3279,3276,3278,3279,3280,3281,3280,3280,3280,3280,3279
T,3068,2,0,10732,191,421,0,0,5,524,-5,740,0,0,0,0
C,3279,3280,3282,3277,3280,3279,3276,3278,3279,3280,3281,3280,3280,3280,3280,3279
T,3069,2,0,4612,192,421,0,0,5,524,-5,740,0,0,0,0
C,3279,3280,3282,3277,3279,3279,3276,3278,3279,3280,3281,3280,3280,3280,3280,3279
T,3070,2,0,25623,191,421,0,0,5,524,-5,740,0,0,0,0
C,3279,3280,3282,3277,3279,3279,3276,3278,3279,3280,3281,3280,3280,3280,3280,3279
T,3071,3,0,12706,190,421,0,0,5,524,-3,740,0,0,0,0
C,3279,3280,3282,3277,3279,3279,3276,3278,3279,3280,3281,3280,3280,3280,3280,3279
T,3072,2,0,-30307,191,421,0,0,5,524,-3,740,0,0,0,0
C,3280,3280,3282,3276,3279,3280,3276,3278,3279,3280,3281,3280,3280,3280,3280,3279
T,3073,1,0,22762,191,421,0,0,5,524,-3,740,0,0,0,0
C,3280,3280,3282,3276,3279,3280,3276,3278,3279,3280,3281,3280,3280,3280,3280,3279
T,3074,2,0,-27690,190,421,0,0,5,524,-6,740,0,0,0,0
C,3280,3280,3282,3276,3279,3280,3276,3278,3279,3280,3281,3280,3280,3280,3280,3279
T,3075,2,0,19834,190,421,0,0,5,524,-6,740,0,0,0,0
C,3280,3280,3282,3276,3279,3279,3276,3278,3279,3280,3281,3280,3280,3280,3280,3279
T,3076,1,0,21728,190,421,0,0,5,524,-6,740,0,0,0,0
C,3280,3280,3282,3276,3279,3279,3276,3278,3279,3280,3281,3280,3280,3280,3280,3279
T,3077,3,0,-29057,190,421,0,0,5,524,-6,740,0,0,0,0
C,3280,3280,3282,3276,3279,3279,3276,3278,3279,3280,3281,3280,3280,3280,3280,3279
T,3078,1,0,25391,190,421,0,0,5,524,-6,740,0,0,0,0
C,3279,3280,3282,3276,3279,3279,3276,3278,3279,3280,3281,3280,3280,3280,3280,3279
T,3079,2,0,-29938,189,421,0,0,5,524,-6,740,0,0,0,0
C,3279,3280,3282,3276,3279,3279,3276,3278,3279,3280,3281,3280,3280,3280,3280,3279
T,3080,1,0,30706,189,421,0,0,5,524,-5,740,0,0,0,0
C,3279,3280,3282,3276,3279,3279,3276,3278,3279,3280,3281,3280,3280,3280,3280,3279
T,3081,0,0,-14918,190,421,0,0,5,524,-5,740,0,0,0,0
C,3279,3280,3282,3276,3279,3279,3276,3278,3279,3280,3281,3280,3279,3280,3280,3279
T,3082,3,0,5170,191,421,0,0,5,524,-5,740,0,0,0,0
C,3279,3280,3282,3276,3279,3279,3276,3278,3279,3280,3281,3280,3279,3280,3280,3279
T,3083,2,0,9832,189,421,0,0,5,524,-5,740,0,0,0,0
C,3279,3280,3282,3276,3279,3279,3276,3278,3279,3280,3281,3280,3279,3280,3280,3279
T,3084,1,0,11604,190,421,0,0,5,524,-5,740,0,0,0,0
C,3279,3281,3282,3277,3279,3279,3276,3278,3279,3280,3281,3280,3279,3280,3280,3279
T,3085,1,0,30070,189,421,0,0,5,524,-5,740,0,0,0,0
C,3279,3281,3282,3277,3279,3279,3276,3278,3279,3280,3281,3280,3279,3280,3280,3279
T,3086,1,0,-5783,190,421,0,0,5,524,-5,740,0,0,0,0
C,3279,3281,3282,3277,3279,3279,3276,3278,3279,3280,3281,3280,3279,3280,3280,3279
T,3087,3,0,-20567,192,421,0,0,5,524,-5,740,0,0,0,0
C,3279,3280,3282,3277,3279,3279,3276,3278,3279,3280,3281,3280,3280,3280,3280,3279
T,3088,4,0,-6212,193,421,0,0,5,524,-5,740,0,0,0,0
C,3279,3280,3282,3277,3279,3279,3276,3278,3279,3280,3281,3280,3280,3280,3280,3279
T,3089,3,0,-7348,193,421,0,0,5,524,-5,740,0,0,0,0
C,3279,3280,3282,3277,3279,3279,3276,3278,3279,3280,3281,3280,3280,3280,3280,3279
T,3090,2,0,1418,194,421,0,0,5,524,-5,740,0,0,0,0
C,3279,3280,3282,3277,3279,3279,3276,3278,3279,3280,3281,3280,3279,3280,3280,3279
T,3091,3,0,32756,193,421,0,0,5,524,-5,740,0,0,0,0
C,3279,3280,3282,3277,3279,3279,3276,3278,3279,3280,3281,3280,3279,3280,3280,3279
T,3092,3,0,4084,194,421,0,0,5,524,-4,740,0,0,0,0
C,3279,3280,3282,3277,3279,3279,3276,3278,3279,3280,3281,3280,3279,3280,3280,3279
T,3093,1,0,-18710,193,421,0,0,5,524,-4,740,0,0,0,0
C,3279,3281,3282,3276,3279,3279,3276,3278,3279,3280,3281,3280,3279,3280,3280,3279
T,3094,2,0,19063,193,421,0,0,5,524,-4,740,0,0,0,0
C,3279,3281,3282,3276,3279,3279,3276,3278,3279,3280,3281,3280,3279,3280,3280,3279
T,3095,1,0,-30100,193,421,0,0,5,524,-4,740,0,0,0,0
C,3279,3281,3282,3276,3279,3279,3276,3278,3279,3280,3281,3280,3279,3280,3280,3279
T,3096,2,0,-13744,191,421,0,0,5,524,-4,740,0,0,0,0
C,3280,3281,3282,3276,3279,3279,3276,3278,3279,3280,3281,3281,3280,3280,3280,3279
T,3097,2,0,14439,190,421,0,0,5,524,-4,740,0,0,0,0
C,3280,3281,3282,3276,3279,3279,3276,3278,3279,3280,3281,3281,3280,3280,3280,3279
T,3098,3,0,22164,190,421,0,0,5,524,-6,740,0,0,0,0
C,3280,3281,3282,3276,3279,3279,3276,3278,3279,3280,3281,3281,3280,3280,3280,3279
T,3099,3,0,-32188,188,421,0,0,5,524,-6,740,0,0,0,0
C,3279,3281,3282,3276,3279,3279,3276,3278,3279,3280,3281,3280,3280,3280,3280,3279
T,3100,1,0,5986,188,421,0,0,5,524,-6,740,0,0,0,0
C,3279,3281,3282,3276,3279,3279,3276,3278,3279,3280,3281,3280,3280,3280,3280,3279
T,3101,2,0,-17519,188,421,0,0,5,524,-5,740,0,0,0,0
C,3279,3281,3282,3276,3279,3279,3276,3278,3279,3280,3281,3280,3280,3280,3280,3279
T,3102,1,0,30738,188,421,0,0,5,524,-5,740,0,0,0,0
C,3279,3281,3282,3277,3279,3279,3276,3278,3279,3280,3281,3280,3280,3280,3280,3279
T,3103,2,0,-22094,186,421,0,0,5,524,-5,740,0,0,0,0
C,3279,3281,3282,3277,3279,3279,3276,3278,3279,3280,3281,3280,3280,3280,3280,3279
T,3104,1,0,-4568,186,421,0,0,5,524,-4,740,0,0,0,0
C,3279,3281,3282,3277,3279,3279,3276,3278,3279,3280,3281,3280,3280,3280,3280,3279
T,3105,1,0,-20598,187,421,0,0,5,524,-4,740,0,0,0,0
C,3279,3281,3282,3276,3279,3279,3276,3278,3279,3280,3281,3280,3280,3280,3280,3279
T,3106,2,0,13013,186,421,0,0,5,524,-4,740,0,0,0,0
C,3279,3281,3282,3276,3279,3279,3276,3278,3279,3280,3281,3280,3280,3280,3280,3279
T,3107,1,0,-20816,187,421,0,0,5,524,-3,740,0,0,0,0
C,3279,3281,3282,3276,3279,3279,3276,3278,3279,3280,3281,3280,3280,3280,3280,3279
T,3108,1,0,-588,187,421,0,0,5,524,-3,740,0,0,0,0
C,3279,3281,3282,3276,3279,3279,3276,3278,3279,3280,3281,3280,3280,3280,3280,3279
T,3109,2,0,-31124,187,421,0,0,5,524,-3,740,0,0,0,0
C,3279,3281,3282,3276,3279,3279,3276,3278,3279,3280,3281,3280,3280,3280,3280,3279
T,3110,4,0,-8852,189,421,0,0,5,524,-3,740,0,0,0,0
C,3279,3281,3282,3276,3279,3279,3276,3278,3279,3280,3281,3280,3280,3280,3280,3279
T,3111,2,0,-26285,189,421,0,0,5,524,-3,740,0,0,0,0
C,3279,3281,3282,3277,3279,3279,3276,3278,3279,3280,3281,3281,3279,3280,3280,3279
T,3112,2,0,21912,189,421,0,0,5,524,-3,740,0,0,0,0
C,3279,3281,3282,3277,3279,3279,3276,3278,3279,3280,3281,3281,3279,3280,3280,3279
T,3113,2,0,12973,189,421,0,0,5,524,-4,740,0,0,0,0
C,3279,3281,3282,3277,3279,3279,3276,3278,3279,3280,3281,3281,3279,3280,3280,3279
T,3114,2,0,10730,187,421,0,0,5,524,-4,740,0,0,0,0
C,3279,3281,3282,3277,3279,3279,3276,3278,3279,3280,3281,3281,3279,3280,3280,3279
T,3115,1,0,29356,185,421,0,0,5,524,-4,740,0,0,0,0
C,3279,3281,3282,3277,3279,3279,3276,3278,3279,3280,3281,3281,3279,3280,3280,3279
T,3116,1,0,16261,185,421,0,0,5,524,-4,740,0,0,0,0
C,3279,3281,3282,3277,3279,3279,3276,3278,3279,3280,3281,3281,3279,3280,3280,3279
T,3117,3,0,-19234,187,421,0,0,5,524,-4,740,0,0,0,0
C,3279,3281,3282,3277,3279,3279,3276,3278,3279,3280,3281,3281,3280,3280,3280,3279
T,3118,4,0,-17016,186,421,0,0,5,524,-4,740,0,0,0,0
C,3279,3281,3282,3277,3279,3279,3276,3278,3279,3280,3281,3281,3280,3280,3280,3279
T,3119,3,0,22892,186,421,0,0,5,524,-5,740,0,0,0,0
C,3279,3281,3282,3277,3279,3279,3276,3278,3279,3280,3281,3281,3280,3280,3280,3279
T,3120,3,0,-20908,187,421,0,0,5,524,-5,740,0,0,0,0
C,3279,3281,3282,3277,3280,3279,3276,3278,3279,3280,3281,3281,3280,3280,3280,3279
T,3121,1,0,-8051,185,421,0,0,5,524,-5,740,0,0,0,0
C,3279,3281,3282,3277,3280,3279,3276,3278,3279,3280,3281,3281,3280,3280,3280,3279
T,3122,1,0,22715,185,421,0,0,5,524,-6,740,0,0,0,0
C,3279,3281,3282,3277,3280,3279,3276,3278,3279,3280,3281,3281,3280,3280,3280,3279
T,3123,2,0,19201,184,421,0,0,5,524,-6,740,0,0,0,0
C,3279,3281,3282,3277,3279,3280,3276,3278,3279,3280,3281,3281,3280,3280,3280,3279
T,3124,3,0,8984,185,421,0,0,5,524,-6,740,0,0,0,0
C,3279,3281,3282,3277,3279,3280,3276,3278,3279,3280,3281,3281,3280,3280,3280,3279
T,3125,1,0,-20283,186,421,0,0,5,524,-5,740,0,0,0,0
C,3279,3281,3282,3277,3279,3280,3276,3278,3279,3280,3281,3281,3280,3280,3280,3279
T,3126,0,0,-5476,187,421,0,0,5,524,-5,740,0,0,0,0
C,3279,3281,3282,3277,3279,3280,3276,3278,3279,3280,3281,3280,3280,3280,3280,3279
T,3127,1,0,-4960,187,421,0,0,5,524,-5,740,0,0,0,0
C,3279,3281,3282,3277,3279,3280,3276,3278,3279,3280,3281,3280,3280,3280,3280,3279
T,3128,3,0,10824,188,421,0,0,5,524,-5,740,0,0,0,0
C,3279,3281,3282,3277,3279,3280,3276,3278,3279,3280,3281,3280,3280,3280,3280,3279
T,3129,3,0,28434,189,421,0,0,5,524,-5,740,0,0,0,0
C,3279,3281,3282,3277,3279,3280,3276,3278,3279,3280,3281,3280,3280,3280,3280,3279
T,3130,1,0,22800,189,421,0,0,5,524,-5,740,0,0,0,0
C,3279,3281,3282,3276,3279,3280,3276,3278,3279,3280,3281,3280,3280,3280,3280,3279
T,3131,1,0,-14148,189,421,0,0,5,524,-5,740,0,0,0,0
C,3279,3281,3282,3276,3279,3280,3276,3278,3279,3280,3281,3280,3280,3280,3280,3279
T,3132,1,0,-1946,190,421,0,0,5,524,-5,740,0,0,0,0
C,3279,3281,3282,3276,3279,3280,3276,3278,3279,3280,3281,3280,3280,3280,3280,3279
T,3133,3,0,-18686,188,421,0,0,5,524,-5,740,0,0,0,0
C,3279,3281,3282,3276,3279,3280,3276,3278,3279,3280,3281,3280,3280,3280,3280,3279
T,3134,3,0,-24894,190,421,0,0,5,524,-5,740,0,0,0,0
C,3279,3281,3282,3276,3279,3280,3276,3278,3279,3280,3281,3280,3280,3280,3280,3279
T,3135,3,0,15370,190,421,0,0,5,524,-6,740,0,0,0,0
C,3279,3281,3282,3276,3279,3280,3276,3278,3279,3280,3281,3280,3280,3280,3280,3279
T,3136,2,0,-26352,190,421,0,0,5,524,-6,740,0,0,0,0
C,3280,3281,3282,3276,3279,3279,3276,3278,3279,3280,3281,3280,3280,3280,3280,3279
T,3137,1,0,-20027,191,421,0,0,5,524,-6,740,0,0,0,0
C,3280,3281,3282,3276,3279,3279,3276,3278,3279,3280,3281,3280,3280,3280,3280,3279
T,3138,3,0,3525,193,421,0,0,5,524,-5,740,0,0,0,0
C,3280,3281,3282,3276,3279,3279,3276,3278,3279,3280,3281,3280,3280,3280,3280,3279
T,3139,3,0,-18299,192,421,0,0,5,524,-5,740,0,0,0,0
C,3280,3281,3282,3276,3279,3279,3276,3278,3279,3280,3281,3280,3280,3280,3280,3279
T,3140,4,0,21185,193,421,0,0,5,524,-5,740,0,0,0,0
C,3280,3281,3282,3276,3279,3279,3276,3278,3279,3280,3281,3280,3280,3280,3280,3279
T,3141,5,0,-17652,193,421,0,0,5,524,-5,740,0,0,0,0
C,3280,3281,3282,3276,3279,3279,3276,3278,3279,3280,3281,3280,3280,3280,3280,3279
T,3142,3,0,-3693,192,421,0,0,5,524,-5,740,0,0,0,0
C,3280,3281,3282,3276,3279,3280,3276,3278,3279,3280,3281,3280,3280,3280,3280,3279
T,3143,3,0,-26527,193,421,0,0,5,524,-5,740,0,0,0,0
C,3280,3281,3282,3276,3279,3280,3276,3278,3279,3280,3281,3280,3280,3280,3280,3279
T,3144,2,0,-12462,192,421,0,0,5,524,-6,740,0,0,0,0
C,3280,3281,3282,3276,3279,3280,3276,3278,3279,3280,3281,3280,3280,3280,3280,3279
T,3145,2,0,14968,191,421,0,0,5,524,-6,740,0,0,0,0
C,3280,3280,3282,3276,3279,3279,3276,3278,3279,3280,3281,3280,3280,3280,3280,3279
T,3146,1,0,-28128,192,421,0,0,5,524,-6,740,0,0,0,0
C,3280,3280,3282,3276,3279,3279,3276,3278,3279,3280,3281,3280,3280,3280,3280,3279
T,3147,1,0,11250,191,421,0,0,5,524,-6,740,0,0,0,0
C,3280,3280,3282,3276,3279,3279,3276,3278,3279,3280,3281,3280,3280,3280,3280,3279
T,3148,2,0,-17252,190,421,0,0,5,524,-6,740,0,0,0,0
C,3279,3280,3282,3276,3280,3279,3276,3278,3279,3280,3281,3280,3280,3280,3280,3279
T,3149,3,0,24620,188,421,0,0,5,524,-6,740,0,0,0,0
C,3279,3280,3282,3276,3280,3279,3276,3278,3279,3280,3281,3280,3280,3280,3280,3279
T,3150,2,0,-9992,189,421,0,0,5,524,-5,740,0,0,0,0
C,3279,3280,3282,3276,3280,3279,3276,3278,3279,3280,3281,3280,3280,3280,3280,3279
T,3151,2,0,-29223,189,421,0,0,5,524,-5,740,0,0,0,0
C,3279,3281,3282,3277,3280,3280,3276,3278,3279,3280,3281,3281,3280,3280,3280,3279
T,3152,3,0,3636,190,421,0,0,5,524,-5,740,0,0,0,0
C,3279,3281,3282,3277,3280,3280,3276,3278,3279,3280,3281,3281,3280,3280,3280,3279
T,3153,1,0,4870,189,421,0,0,5,524,-5,740,0,0,0,0
C,3279,3281,3282,3277,3280,3280,3276,3278,3279,3280,3281,3281,3280,3280,3280,3279
T,3154,1,0,-31755,190,421,0,0,5,524,-5,740,0,0,0,0
C,3279,3280,3282,3277,3280,3280,3276,3278,3279,3280,3281,3280,3280,3280,3280,3279
T,3155,1,0,2035,191,421,0,0,5,524,-5,740,0,0,0,0
C,3279,3280,3282,3277,3280,3280,3276,3278,3279,3280,3281,3280,3280,3280,3280,3279
T,3156,1,0,-31533,191,421,0,0,5,524,-5,740,0,0,0,0
C,3279,3280,3282,3277,3280,3280,3276,3278,3279,3280,3281,3280,3280,3280,3280,3279
T,3157,1,0,-25933,192,421,0,0,5,524,-5,740,0,0,0,0
C,3279,3280,3282,3277,3279,3280,3276,3278,3279,3280,3281,3280,3280,3280,3280,3279
T,3158,0,0,21240,192,421,0,0,5,524,-5,740,0,0,0,0
C,3279,3280,3282,3277,3279,3280,3276,3278,3279,3280,3281,3280,3280,3280,3280,3279
T,3159,2,0,7213,191,421,0,0,5,524,-4,740,0,0,0,0
C,3279,3280,3282,3277,3279,3280,3276,3278,3279,3280,3281,3280,3280,3280,3280,3279
T,3160,2,0,749,190,421,0,0,5,524,-4,740,0,0,0,0
C,3280,3281,3282,3276,3279,3279,3276,3278,3279,3280,3281,3280,3280,3280,3280,3279
T,3161,1,0,-10675,190,421,0,0,5,524,-4,740,0,0,0,0
C,3280,3281,3282,3276,3279,3279,3276,3278,3279,3280,3281,3280,3280,3280,3280,3279
T,3162,1,0,-16618,189,421,0,0,5,524,-5,740,0,0,0,0
C,3280,3281,3282,3276,3279,3279,3276,3278,3279,3280,3281,3280,3280,3280,3280,3279
T,3163,1,0,-19876,191,421,0,0,5,524,-5,740,0,0,0,0
C,3279,3281,3282,3276,3279,3279,3276,3278,3279,3280,3281,3280,3280,3280,3280,3279
T,3164,0,0,-10927,193,421,0,0,5,524,-5,740,0,0,0,0
C,3279,3281,3282,3276,3279,3279,3276,3278,3279,3280,3281,3280,3280,3280,3280,3279
T,3165,0,0,-16989,194,421,0,0,5,524,-6,740,0,0,0,0
C,3279,3281,3282,3276,3279,3279,3276,3278,3279,3280,3281,3280,3280,3280,3280,3279
T,3166,1,0,2122,194,421,0,0,5,524,-6,740,0,0,0,0
C,3279,3281,3282,3276,3279,3279,3276,3278,3279,3280,3281,3280,3280,3280,3280,3279
T,3167,2,0,-25849,192,421,0,0,5,524,-6,740,0,0,0,0
C,3279,3281,3282,3276,3279,3279,3276,3278,3279,3280,3281,3280,3280,3280,3280,3279
T,3168,2,0,3912,191,421,0,0,5,524,-5,740,0,0,0,0
C,3279,3281,3282,3276,3279,3279,3276,3278,3279,3280,3281,3280,3280,3280,3280,3279
T,3169,2,0,-16050,191,421,0,0,5,524,-5,740,0,0,0,0
C,3279,3281,3282,3276,3279,3279,3276,3278,3279,3280,3281,3280,3280,3280,3280,3279
T,3170,1,0,0,190,421,0,0,5,524,-5,740,0,0,0,0
C,3279,3281,3282,3276,3279,3279,3276,3278,3279,3280,3281,3280,3280,3280,3280,3279
T,3171,1,0,31684,190,421,0,0,5,524,-5,740,0,0,0,0
C,3279,3281,3282,3276,3279,3279,3276,3278,3279,3280,3281,3280,3280,3280,3280,3279
T,3172,1,0,9444,189,421,0,0,5,524,-5,740,0,0,0,0
C,3279,3281,3282,3277,3279,3279,3276,3278,3279,3280,3281,3280,3280,3280,3280,3279
T,3173,1,0,17832,190,421,0,0,5,524,-5,740,0,0,0,0
C,3279,3281,3282,3277,3279,3279,3276,3278,3279,3280,3281,3280,3280,3280,3280,3279
T,3174,1,0,22300,192,421,0,0,5,524,-5,740,0,0,0,0
C,3279,3281,3282,3277,3279,3279,3276,3278,3279,3280,3281,3280,3280,3280,3280,3279
T,3175,2,0,-16007,192,421,0,0,5,524,-5,740,0,0,0,0
C,3279,3281,3282,3276,3280,3279,3276,3278,3279,3280,3281,3280,3280,3280,3280,3279
T,3176,2,0,-17210,190,421,0,0,5,524,-5,740,0,0,0,0
C,3279,3281,3282,3276,3280,3279,3276,3278,3279,3280,3281,3280,3280,3280,3280,3279
T,3177,3,0,12794,191,421,0,0,5,524,-5,740,0,0,0,0
C,3279,3281,3282,3276,3280,3279,3276,3278,3279,3280,3281,3280,3280,3280,3280,3279
T,3178,2,0,-17890,192,421,0,0,5,524,-5,740,0,0,0,0
C,3279,3280,3282,3276,3280,3279,3276,3278,3279,3280,3281,3280,3280,3280,3280,3279
T,3179,2,0,4296,191,421,0,0,5,524,-5,740,0,0,0,0
C,3279,3280,3282,3276,3280,3279,3276,3278,3279,3280,3281,3280,3280,3280,3280,3279
T,3180,1,0,24942,190,421,0,0,5,524,-5,740,0,0,0,0
C,3279,3280,3282,3276,3280,3279,3276,3278,3279,3280,3281,3280,3280,3280,3280,3279
T,3181,2,0,-15152,189,421,0,0,5,524,-5,740,0,0,0,0
C,3279,3280,3282,3277,3279,3279,3276,3278,3279,3280,3281,3280,3280,3280,3280,3279
T,3182,1,0,-17604,190,421,0,0,5,524,-5,740,0,0,0,0
C,3279,3280,3282,3277,3279,3279,3276,3278,3279,3280,3281,3280,3280,3280,3280,3279
T,3183,2,0,17107,190,421,0,0,5,524,-5,740,0,0,0,0
C,3279,3280,3282,3277,3279,3279,3276,3278,3279,3280,3281,3280,3280,3280,3280,3279
T,3184,2,0,11240,191,421,0,0,5,524,-5,740,0,0,0,0
C,3279,3281,3282,3277,3279,3280,3276,3278,3279,3280,3281,3280,3280,3280,3280,3279
T,3185,2,0,32434,191,421,0,0,5,524,-5,740,0,0,0,0
C,3279,3281,3282,3277,3279,3280,3276,3278,3279,3280,3281,3280,3280,3280,3280,3279
T,3186,1,0,10988,190,421,0,0,5,524,-5,740,0,0,0,0
C,3279,3281,3282,3277,3279,3280,3276,3278,3279,3280,3281,3280,3280,3280,3280,3279
T,3187,0,0,-14185,190,421,0,0,5,524,-5,740,0,0,0,0
C,3279,3280,3282,3276,3279,3280,3276,3278,3279,3280,3281,3281,3280,3280,3280,3279
T,3188,0,0,-22576,191,421,0,0,5,524,-5,740,0,0,0,0
C,3279,3280,3282,3276,3279,3280,3276,3278,3279,3280,3281,3281,3280,3280,3280,3279
T,3189,2,0,-4004,190,421,0,0,5,524,-6,740,0,0,0,0
C,3279,3280,3282,3276,3279,3280,3276,3278,3279,3280,3281,3281,3280,3280,3280,3279
T,3190,1,0,-31200,190,422,0,0,5,524,-6,740,0,0,0,0
C,3279,3280,3282,3276,3279,3279,3276,3278,3279,3280,3281,3280,3280,3280,3280,3279
T,3191,2,0,-22906,188,421,0,0,5,524,-6,740,0,0,0,0
C,3279,3280,3282,3276,3279,3279,3276,3278,3279,3280,3281,3280,3280,3280,3280,3279
T,3192,2,0,-16796,188,421,0,0,5,524,-5,740,0,0,0,0
C,3279,3280,3282,3276,3279,3279,3276,3278,3279,3280,3281,3280,3280,3280,3280,3279
T,3193,2,0,13942,188,421,0,0,5,524,-5,740,0,0,0,0
C,3279,3280,3282,3277,3279,3279,3276,3278,3279,3280,3280,3280,3280,3280,3280,3279
T,3194,2,0,11390,188,421,0,0,5,524,-5,740,0,0,0,0
C,3279,3280,3282,3277,3279,3279,3276,3278,3279,3280,3280,3280,3280,3280,3280,3279
T,3195,2,0,-4887,190,421,0,0,5,524,-5,740,0,0,0,0
C,3279,3280,3282,3277,3279,3279,3276,3278,3279,3280,3280,3280,3280,3280,3280,3279
T,3196,4,0,-30081,191,421,0,0,5,524,-5,740,0,0,0,0
C,3279,3280,3282,3276,3279,3279,3276,3278,3279,3280,3280,3280,3280,3280,3280,3279
T,3197,2,0,20880,190,421,0,0,5,524,-5,740,0,0,0,0
C,3279,3280,3282,3276,3279,3279,3276,3278,3279,3280,3280,3280,3280,3280,3280,3279
T,3198,3,0,12056,190,421,0,0,5,524,-6,740,0,0,0,0
C,3279,3280,3282,3276,3279,3279,3276,3278,3279,3280,3280,3280,3280,3280,3280,3279
T,3199,4,0,22026,191,421,0,0,5,524,-6,740,0,0,0,0
C,3279,3280,3282,3276,3279,3279,3276,3278,3279,3280,3280,3280,3280,3280,3280,3279
T,3200,4,0,3278,191,421,0,0,5,524,-6,740,0,0,0,0
C,3279,3280,3282,3276,3279,3280,3276,3278,3279,3280,3281,3280,3280,3280,3280,3279
T,3201,1,0,-20200,191,421,0,0,5,524,-6,740,0,0,0,0
C,3279,3280,3282,3276,3279,3280,3276,3278,3279,3280,3281,3280,3280,3280,3280,3279
T,3202,3,0,-8822,190,421,0,0,5,524,-5,740,0,0,0,0
C,3279,3280,3282,3276,3279,3280,3276,3278,3279,3280,3281,3280,3280,3280,3280,3279
T,3203,3,0,9140,192,421,0,0,5,524,-5,740,0,0,0,0
C,3279,3280,3282,3277,3279,3279,3276,3278,3279,3280,3281,3280,3280,3280,3280,3279
T,3204,3,0,-11407,191,421,0,0,5,524,-5,740,0,0,0,0
C,3279,3280,3282,3277,3279,3279,3276,3278,3279,3280,3281,3280,3280,3280,3280,3279
T,3205,2,0,24901,192,421,0,0,5,524,-6,740,0,0,0,0
C,3279,3280,3282,3277,3279,3279,3276,3278,3279,3280,3281,3280,3280,3280,3280,3279
T,3206,2,0,8028,193,421,0,0,5,524,-6,740,0,0,0,0
C,3279,3280,3282,3277,3279,3279,3276,3278,3279,3280,3281,3280,3280,3280,3280,3279
T,3207,3,0,23703,191,421,0,0,5,524,-6,740,0,0,0,0
C,3279,3280,3282,3277,3279,3279,3276,3278,3279,3280,3281,3280,3280,3280,3280,3279
T,3208,1,0,-4856,192,421,0,0,5,524,-5,740,0,0,0,0
C,3279,3280,3282,3277,3279,3279,3276,3278,3279,3280,3281,3280,3280,3280,3280,3279
T,3209,1,0,21892,193,421,0,0,5,524,-5,740,0,0,0,0
C,3279,3280,3282,3277,3279,3279,3276,3278,3279,3280,3281,3280,3280,3280,3280,3279
T,3210,1,0,19357,193,421,0,0,5,524,-5,740,0,0,0,0
C,3279,3280,3282,3277,3279,3279,3276,3278,3279,3280,3281,3280,3280,3280,3280,3279
T,3211,0,0,-18666,194,421,0,0,5,524,-5,740,0,0,0,0
C,3279,3280,3282,3277,3279,3279,3276,3278,3279,3280,3281,3280,3280,3280,3280,3279
T,3212,3,0,29352,192,421,0,0,5,524,-5,740,0,0,0,0
C,3279,3281,3282,3276,3279,3279,3276,3278,3279,3280,3281,3280,3280,3280,3280,3279
T,3213,4,0,-25664,191,421,0,0,5,524,-5,740,0,0,0,0
C,3279,3281,3282,3276,3279,3279,3276,3278,3279,3280,3281,3280,3280,3280,3280,3279
T,3214,3,0,16832,190,421,0,0,5,524,-5,740,0,0,0,0
C,3279,3281,3282,3276,3279,3279,3276,3278,3279,3280,3281,3280,3280,3280,3280,3279
T,3215,2,0,-2778,191,421,0,0,5,524,-5,740,0,0,0,0
C,3279,3281,3282,3276,3279,3280,3276,3278,3279,3280,3281,3280,3280,3280,3280,3279
T,3216,2,0,13092,192,421,0,0,5,524,-5,740,0,0,0,0
C,3279,3281,3282,3276,3279,3280,3276,3278,3279,3280,3281,3280,3280,3280,3280,3279
T,3217,2,0,3164,192,421,0,0,5,524,-4,740,0,0,0,0
C,3279,3281,3282,3276,3279,3280,3276,3278,3279,3280,3281,3280,3280,3280,3280,3279
T,3218,2,0,-14299,191,421,0,0,5,524,-4,740,0,0,0,0
C,3280,3280,3282,3276,3279,3279,3276,3278,3279,3280,3281,3280,3280,3280,3280,3279
T,3219,1,0,21707,191,421,0,0,5,524,-4,740,0,0,0,0
C,3280,3280,3282,3276,3279,3279,3276,3278,3279,3280,3281,3280,3280,3280,3280,3279
T,3220,2,0,-32336,191,421,0,0,5,524,-5,740,0,0,0,0
C,3280,3280,3282,3276,3279,3279,3276,3278,3279,3280,3281,3280,3280,3280,3280,3279
T,3221,2,0,-28443,193,421,0,0,5,524,-5,740,0,0,0,0
C,3279,3280,3282,3276,3279,3279,3276,3278,3279,3280,3281,3280,3280,3280,3280,3279
T,3222,2,0,-27302,193,421,0,0,5,524,-5,740,0,0,0,0
C,3279,3280,3282,3276,3279,3279,3276,3278,3279,3280,3281,3280,3280,3280,3280,3279
T,3223,2,0,6612,192,421,0,0,5,524,-4,740,0,0,0,0
C,3279,3280,3282,3276,3279,3279,3276,3278,3279,3280,3281,3280,3280,3280,3280,3279
T,3224,1,0,19372,192,421,0,0,5,524,-4,740,0,0,0,0
C,3279,3280,3282,3276,3279,3279,3276,3278,3279,3280,3281,3280,3280,3280,3280,3279
T,3225,2,0,7208,191,421,0,0,5,524,-4,740,0,0,0,0
C,3279,3280,3282,3276,3279,3279,3276,3278,3279,3280,3281,3280,3280,3280,3280,3279
T,3226,2,0,26265,189,421,0,0,5,524,-5,740,0,0,0,0
C,3279,3280,3282,3276,3279,3279,3276,3278,3279,3280,3281,3280,3280,3280,3280,3279
T,3227,2,0,-11775,188,421,0,0,5,524,-5,740,0,0,0,0
C,3279,3281,3282,3276,3279,3279,3276,3278,3279,3280,3280,3280,3280,3280,3280,3279
T,3228,2,0,4249,190,421,0,0,5,524,-5,740,0,0,0,0
C,3279,3281,3282,3276,3279,3279,3276,3278,3279,3280,3280,3280,3280,3280,3280,3279
T,3229,2,0,-5359,188,421,0,0,5,524,-4,740,0,0,0,0
C,3279,3281,3282,3276,3279,3279,3276,3278,3279,3280,3280,3280,3280,3280,3280,3279
T,3230,1,0,-18439,189,421,0,0,5,524,-4,740,0,0,0,0
C,3279,3281,3282,3276,3279,3279,3276,3278,3279,3280,3280,3280,3280,3280,3280,3279
T,3231,2,0,-14606,189,421,0,0,5,524,-4,740,0,0,0,0
C,3279,3281,3282,3276,3279,3279,3276,3278,3279,3280,3280,3280,3280,3280,3280,3279
T,3232,1,0,26112,189,421,0,0,5,524,-4,740,0,0,0,0
C,3279,3281,3282,3276,3279,3279,3276,3278,3279,3280,3280,3280,3280,3280,3280,3279
T,3233,3,0,30658,189,421,0,0,5,524,-4,740,0,0,0,0
C,3279,3280,3282,3276,3279,3279,3276,3278,3279,3280,3281,3280,3280,3280,3280,3279
T,3234,5,0,12396,189,421,0,0,5,524,-4,740,0,0,0,0
C,3279,3280,3282,3276,3279,3279,3276,3278,3279,3280,3281,3280,3280,3280,3280,3279
T,3235,2,0,17068,191,421,0,0,5,524,-5,740,0,0,0,0
C,3279,3280,3282,3276,3279,3279,3276,3278,3279,3280,3281,3280,3280,3280,3280,3279
T,3236,4,0,14829,189,421,0,0,5,524,-5,740,0,0,0,0
C,3279,3280,3282,3276,3279,3279,3276,3278,3279,3280,3281,3280,3280,3280,3280,3279
T,3237,4,0,-21668,188,421,0,0,5,524,-5,740,0,0,0,0
C,3279,3280,3282,3276,3279,3279,3276,3278,3279,3280,3281,3280,3280,3280,3280,3279
T,3238,1,0,20273,187,421,0,0,5,524,-6,740,0,0,0,0
C,3279,3280,3282,3276,3279,3279,3276,3278,3279,3280,3281,3280,3280,3280,3280,3279
T,3239,2,0,-3056,188,421,0,0,5,524,-6,740,0,0,0,0
C,3279,3280,3282,3276,3279,3279,3276,3278,3279,3280,3281,3280,3280,3280,3280,3279
T,3240,2,0,18584,189,421,0,0,5,524,-6,740,0,0,0,0
C,3279,3280,3282,3276,3279,3279,3276,3278,3279,3280,3281,3280,3280,3280,3280,3279
T,3241,1,0,-27252,189,421,0,0,5,524,-6,740,0,0,0,0
C,3279,3280,3282,3276,3279,3279,3276,3278,3279,3280,3281,3280,3280,3280,3280,3279
T,3242,1,0,18932,188,421,0,0,5,524,-4,740,0,0,0,0
C,3279,3280,3282,3276,3279,3279,3276,3278,3279,3280,3281,3280,3280,3280,3280,3279
T,3243,3,0,25088,190,421,0,0,5,524,-4,740,0,0,0,0
C,3279,3280,3282,3276,3279,3279,3276,3278,3279,3280,3281,3280,3280,3280,3280,3279
T,3244,2,0,-11685,189,421,0,0,5,524,-4,740,0,0,0,0
C,3279,3280,3282,3276,3279,3279,3276,3278,3279,3280,3281,3280,3280,3280,3280,3279
T,3245,1,0,13316,188,421,0,0,5,524,-4,740,0,0,0,0
C,3279,3280,3282,3276,3279,3279,3276,3278,3279,3280,3281,3280,3280,3280,3280,3279
T,3246,0,0,-5472,188,421,0,0,5,524,-4,740,0,0,0,0
C,3279,3280,3282,3276,3279,3279,3276,3278,3279,3280,3281,3280,3280,3280,3280,3279
T,3247,2,0,-19032,190,421,0,0,5,524,-4,740,0,0,0,0
C,3279,3280,3282,3276,3279,3279,3276,3278,3279,3280,3281,3280,3280,3280,3280,3279
T,3248,3,0,26321,192,421,0,0,5,524,-5,740,0,0,0,0
C,3279,3280,3282,3276,3279,3279,3276,3278,3279,3280,3281,3280,3280,3280,3280,3279
T,3249,2,0,-16624,191,421,0,0,5,524,-5,740,0,0,0,0
C,3279,3280,3282,3276,3279,3279,3276,3278,3279,3280,3281,3280,3280,3280,3280,3279
T,3250,1,0,-5034,190,421,0,0,5,524,-5,740,0,0,0,0
C,3279,3280,3282,3276,3279,3279,3276,3278,3279,3280,3281,3280,3280,3280,3280,3279
T,3251,0,0,8618,189,421,0,0,5,524,-5,740,0,0,0,0
C,3279,3280,3282,3276,3279,3279,3276,3278,3279,3280,3281,3280,3280,3280,3280,3279
T,3252,1,0,6646,189,421,0,0,5,524,-5,740,0,0,0,0
C,3279,3281,3282,3277,3279,3279,3276,3278,3279,3280,3281,3281,3280,3280,3280,3279
T,3253,0,0,17204,187,421,0,0,5,524,-5,740,0,0,0,0
C,3279,3281,3282,3277,3279,3279,3276,3278,3279,3280,3281,3281,3280,3280,3280,3279
T,3254,1,0,-18050,187,421,0,0,5,524,-5,740,0,0,0,0
C,3279,3281,3282,3277,3279,3279,3276,3278,3279,3280,3281,3281,3280,3280,3280,3279
T,3255,1,0,-9118,187,421,0,0,5,524,-5,740,0,0,0,0
C,3279,3281,3282,3276,3279,3279,3276,3278,3279,3280,3281,3280,3280,3280,3280,3279
T,3256,2,0,28080,188,421,0,0,5,524,-5,740,0,0,0,0
C,3279,3281,3282,3276,3279,3279,3276,3278,3279,3280,3281,3280,3280,3280,3280,3279
T,3257,3,0,-20142,188,421,0,0,5,524,-6,740,0,0,0,0
C,3279,3281,3282,3276,3279,3279,3276,3278,3279,3280,3281,3280,3280,3280,3280,3279
T,3258,3,0,8600,186,421,0,0,5,524,-6,740,0,0,0,0
C,3279,3280,3282,3276,3279,3279,3276,3278,3279,3280,3281,3280,3280,3280,3280,3279
T,3259,2,0,-14530,186,421,0,0,5,524,-6,740,0,0,0,0
C,3279,3280,3282,3276,3279,3279,3276,3278,3279,3280,3281,3280,3280,3280,3280,3279
T,3260,1,0,2470,187,421,0,0,5,524,-5,740,0,0,0,0
C,3279,3280,3282,3276,3279,3279,3276,3278,3279,3280,3281,3280,3280,3280,3280,3279
T,3261,2,0,-205,188,421,0,0,5,524,-5,740,0,0,0,0
C,3279,3280,3282,3276,3279,3279,3276,3278,3279,3280,3281,3280,3280,3280,3280,3279
T,3262,1,0,13167,189,421,0,0,5,524,-5,740,0,0,0,0
C,3279,3280,3282,3276,3279,3279,3276,3278,3279,3280,3281,3280,3280,3280,3280,3279
T,3263,2,0,13040,188,421,0,0,5,524,-4,740,0,0,0,0
C,3279,3280,3282,3276,3279,3279,3276,3278,3279,3280,3281,3280,3280,3280,3280,3279
T,3264,2,0,9279,189,421,0,0,5,524,-4,740,0,0,0,0
C,3279,3280,3282,3277,3279,3279,3276,3278,3279,3280,3281,3280,3280,3280,3280,3279
T,3265,1,0,-26236,189,421,0,0,5,524,-4,740,0,0,0,0
C,3279,3280,3282,3277,3279,3279,3276,3278,3279,3280,3281,3280,3280,3280,3280,3279
T,3266,1,0,-23815,188,421,0,0,5,524,-4,740,0,0,0,0
C,3279,3280,3282,3277,3279,3279,3276,3278,3279,3280,3281,3280,3280,3280,3280,3279
T,3267,2,0,14406,188,421,0,0,5,524,-4,740,0,0,0,0
C,3280,3280,3282,3277,3279,3279,3276,3278,3279,3280,3281,3280,3280,3280,3280,3279
T,3268,2,0,5613,188,421,0,0,5,524,-4,740,0,0,0,0
C,3280,3280,3282,3277,3279,3279,3276,3278,3279,3280,3281,3280,3280,3280,3280,3279
T,3269,2,0,31307,188,421,0,0,5,524,-5,740,0,0,0,0
C,3280,3280,3282,3277,3279,3279,3276,3278,3279,3280,3281,3280,3280,3280,3280,3279
T,3270,3,0,1188,188,421,0,0,5,524,-5,740,0,0,0,0
C,3279,3281,3282,3276,3279,3279,3276,3278,3279,3280,3281,3280,3280,3280,3280,3279
T,3271,2,0,13100,189,421,0,0,5,524,-5,740,0,0,0,0
C,3279,3281,3282,3276,3279,3279,3276,3278,3279,3280,3281,3280,3280,3280,3280,3279
T,3272,2,0,12808,189,421,0,0,5,524,-5,740,0,0,0,0
C,3279,3281,3282,3276,3279,3279,3276,3278,3279,3280,3281,3280,3280,3280,3280,3279
T,3273,4,0,-7822,189,421,0,0,5,524,-5,740,0,0,0,0
C,3279,3280,3282,3276,3280,3280,3276,3278,3279,3280,3281,3280,3280,3280,3280,3279
T,3274,2,0,11673,188,421,0,0,5,524,-5,740,0,0,0,0
C,3279,3280,3282,3276,3280,3280,3276,3278,3279,3280,3281,3280,3280,3280,3280,3279
T,3275,2,0,9284,188,421,0,0,5,524,-5,740,0,0,0,0
C,3279,3280,3282,3276,3280,3280,3276,3278,3279,3280,3281,3280,3280,3280,3280,3279
T,3276,4,0,-12497,187,421,0,0,5,524,-5,740,0,0,0,0
C,3279,3280,3282,3276,3279,3279,3276,3278,3279,3280,3281,3280,3280,3280,3280,3279
T,3277,1,0,28937,187,421,0,0,5,524,-5,740,0,0,0,0
C,3279,3280,3282,3276,3279,3279,3276,3278,3279,3280,3281,3280,3280,3280,3280,3279
T,3278,1,0,-25548,187,421,0,0,5,524,-6,740,0,0,0,0
C,3279,3280,3282,3276,3279,3279,3276,3278,3279,3280,3281,3280,3280,3280,3280,3279
T,3279,3,0,-19504,186,421,0,0,5,524,-6,740,0,0,0,0
C,3279,3280,3282,3276,3279,3279,3276,3278,3279,3280,3281,3281,3280,3280,3280,3279
T,3280,3,0,11456,187,421,0,0,5,524,-6,740,0,0,0,0
C,3279,3280,3282,3276,3279,3279,3276,3278,3279,3280,3281,3281,3280,3280,3280,3279
T,3281,2,0,16008,187,421,0,0,5,524,-5,740,0,0,0,0
C,3279,3280,3282,3276,3279,3279,3276,3278,3279,3280,3281,3281,3280,3280,3280,3279
T,3282,1,0,944,186,421,0,0,5,524,-5,740,0,0,0,0
C,3279,3280,3282,3276,3279,3279,3276,3278,3279,3280,3281,3280,3280,3280,3280,3279
T,3283,1,0,23780,187,421,0,0,5,524,-5,740,0,0,0,0
C,3279,3280,3282,3276,3279,3279,3276,3278,3279,3280,3281,3280,3280,3280,3280,3279
T,3284,0,0,-28069,187,421,0,0,5,524,-4,740,0,0,0,0
C,3279,3280,3282,3276,3279,3279,3276,3278,3279,3280,3281,3280,3280,3280,3280,3279
T,3285,1,0,-27455,187,421,0,0,5,524,-4,740,0,0,0,0
C,3279,3280,3282,3276,3279,3279,3276,3278,3279,3280,3281,3280,3280,3280,3280,3279
T,3286,1,0,-15120,188,421,0,0,5,524,-4,740,0,0,0,0
C,3279,3280,3282,3276,3279,3279,3276,3278,3279,3280,3281,3280,3280,3280,3280,3279
T,3287,1,0,704,187,421,0,0,5,524,-3,740,0,0,0,0
C,3279,3280,3282,3276,3279,3279,3276,3278,3279,3280,3281,3280,3280,3280,3280,3279
T,3288,1,0,-22918,187,421,0,0,5,524,-3,740,0,0,0,0
C,3279,3280,3282,3276,3279,3280,3276,3278,3279,3280,3281,3280,3280,3280,3280,3279
T,3289,1,0,-10726,186,421,0,0,5,524,-3,740,0,0,0,0
C,3279,3280,3282,3276,3279,3280,3276,3278,3279,3280,3281,3280,3280,3280,3280,3279
T,3290,2,0,-16917,187,421,0,0,5,524,-5,740,0,0,0,0
C,3279,3280,3282,3276,3279,3280,3276,3278,3279,3280,3281,3280,3280,3280,3280,3279
T,3291,1,0,-14526,188,421,0,0,5,524,-5,740,0,0,0,0
C,3279,3280,3282,3276,3280,3279,3276,3278,3279,3280,3281,3280,3280,3280,3280,3279
T,3292,1,0,7940,188,421,0,0,5,524,-5,740,0,0,0,0
C,3279,3280,3282,3276,3280,3279,3276,3278,3279,3280,3281,3280,3280,3280,3280,3279
T,3293,1,0,-20212,187,421,0,0,5,524,-6,740,0,0,0,0
C,3279,3280,3282,3276,3280,3279,3276,3278,3279,3280,3281,3280,3280,3280,3280,3279
T,3294,0,0,14625,187,421,0,0,5,524,-6,740,0,0,0,0
C,3279,3280,3282,3276,3279,3279,3276,3278,3279,3280,3281,3280,3280,3280,3280,3279
T,3295,2,0,16384,188,421,0,0,5,524,-6,740,0,0,0,0
C,3279,3280,3282,3276,3279,3279,3276,3278,3279,3280,3281,3280,3280,3280,3280,3279
T,3296,1,0,-28183,188,421,0,0,5,524,-5,740,0,0,0,0
C,3279,3280,3282,3276,3279,3279,3276,3278,3279,3280,3281,3280,3280,3280,3280,3279
T,3297,1,0,4655,188,421,0,0,5,524,-5,740,0,0,0,0
C,3279,3280,3282,3276,3279,3279,3276,3278,3279,3280,3281,3280,3280,3280,3280,3279
T,3298,1,0,2723,188,421,0,0,5,524,-5,740,0,0,0,0
C,3279,3280,3282,3276,3279,3279,3276,3278,3279,3280,3281,3280,3280,3280,3280,3279
T,3299,3,0,28810,190,421,0,0,5,524,-4,740,0,0,0,0
C,3279,3280,3282,3276,3279,3279,3276,3278,3279,3280,3281,3280,3280,3280,3280,3279
T,3300,3,0,-18777,188,421,0,0,5,524,-4,740,0,0,0,0
C,3279,3280,3282,3276,3279,3279,3276,3278,3279,3280,3281,3280,3280,3280,3280,3279
T,3301,2,0,16306,188,421,0,0,5,524,-4,740,0,0,0,0
C,3279,3280,3282,3276,3279,3279,3276,3278,3279,3280,3281,3280,3280,3280,3280,3279
T,3302,2,0,3391,189,421,0,0,5,524,-3,740,0,0,0,0
C,3279,3280,3282,3276,3279,3279,3276,3278,3279,3280,3281,3280,3280,3280,3280,3279
T,3303,2,0,8337,190,421,0,0,5,524,-3,740,0,0,0,0
C,3279,3280,3282,3276,3279,3279,3276,3278,3279,3280,3281,3280,3280,3280,3280,3279
T,3304,1,0,10668,189,421,0,0,5,524,-3,740,0,0,0,0
C,3279,3280,3282,3276,3279,3279,3276,3278,3279,3280,3281,3280,3280,3280,3280,3279
T,3305,1,0,-16477,187,421,0,0,5,524,-5,740,0,0,0,0
C,3279,3280,3282,3276,3279,3279,3276,3278,3279,3280,3281,3280,3280,3280,3280,3279
T,3306,1,0,-10000,188,421,0,0,5,524,-5,740,0,0,0,0
C,3279,3281,3282,3276,3279,3279,3276,3278,3279,3280,3281,3280,3280,3280,3280,3279
T,3307,2,0,5303,187,421,0,0,5,524,-5,740,0,0,0,0
C,3279,3281,3282,3276,3279,3279,3276,3278,3279,3280,3281,3280,3280,3280,3280,3279
T,3308,2,0,16480,188,421,0,0,5,524,-4,740,0,0,0,0
C,3279,3281,3282,3276,3279,3279,3276,3278,3279,3280,3281,3280,3280,3280,3280,3279
T,3309,1,0,19888,188,421,0,0,5,524,-4,740,0,0,0,0
C,3279,3280,3282,3276,3279,3279,3276,3278,3279,3280,3281,3280,3280,3280,3280,3279
T,3310,2,0,-9466,188,421,0,0,5,524,-4,740,0,0,0,0
C,3279,3280,3282,3276,3279,3279,3276,3278,3279,3280,3281,3280,3280,3280,3280,3279
T,3311,3,0,-26683,188,421,0,0,5,524,-5,740,0,0,0,0
C,3279,3280,3282,3276,3279,3279,3276,3278,3279,3280,3281,3280,3280,3280,3280,3279
T,3312,2,0,-26056,190,421,0,0,5,524,-5,740,0,0,0,0
C,3279,3280,3282,3276,3279,3279,3276,3278,3279,3280,3281,3280,3280,3280,3280,3279
T,3313,1,0,9406,189,421,0,0,5,524,-5,740,0,0,0,0
C,3279,3280,3282,3276,3279,3279,3276,3278,3279,3280,3281,3280,3280,3280,3280,3279
T,3314,3,0,16945,191,421,0,0,5,524,-5,740,0,0,0,0
C,3279,3280,3282,3276,3279,3279,3276,3278,3279,3280,3281,3280,3280,3280,3280,3279
T,3315,2,0,-20484,191,421,0,0,5,524,-5,740,0,0,0,0
C,3280,3281,3282,3276,3279,3279,3276,3278,3279,3280,3281,3280,3280,3280,3280,3279
T,3316,2,0,2396,190,421,0,0,5,524,-5,740,0,0,0,0
C,3280,3281,3282,3276,3279,3279,3276,3278,3279,3280,3281,3280,3280,3280,3280,3279
T,3317,3,0,-804,191,421,0,0,5,524,-4,740,0,0,0,0
C,3280,3281,3282,3276,3279,3279,3276,3278,3279,3280,3281,3280,3280,3280,3280,3279
T,3318,2,0,-9708,192,421,0,0,5,524,-4,740,0,0,0,0
C,3279,3280,3282,3276,3279,3279,3276,3278,3279,3280,3281,3280,3280,3280,3280,3279
T,3319,2,0,-6304,192,421,0,0,5,524,-4,740,0,0,0,0
C,3279,3280,3282,3276,3279,3279,3276,3278,3279,3280,3281,3280,3280,3280,3280,3279
T,3320,2,0,23628,193,421,0,0,5,524,-4,740,0,0,0,0
C,3279,3280,3282,3276,3279,3279,3276,3278,3279,3280,3281,3280,3280,3280,3280,3279
T,3321,3,0,-5726,194,421,0,0,5,524,-4,740,0,0,0,0
C,3279,3280,3282,3276,3279,3279,3276,3278,3279,3280,3281,3280,3280,3280,3280,3279
T,3322,2,0,-5876,193,421,0,0,5,524,-4,740,0,0,0,0
C,3279,3280,3282,3276,3279,3279,3276,3278,3279,3280,3281,3280,3280,3280,3280,3279
T,3323,3,0,4688,191,421,0,0,5,524,-4,740,0,0,0,0
C,3279,3280,3282,3276,3279,3279,3276,3278,3279,3280,3281,3280,3280,3280,3280,3279
T,3324,2,0,-21411,191,421,0,0,5,524,-4,740,0,0,0,0
C,3279,3280,3282,3277,3279,3279,3276,3278,3279,3280,3281,3280,3280,3280,3280,3279
T,3325,3,0,-27284,189,421,0,0,5,524,-4,740,0,0,0,0
C,3279,3280,3282,3277,3279,3279,3276,3278,3279,3280,3281,3280,3280,3280,3280,3279
T,3326,3,0,24236,189,421,0,0,5,524,-4,740,0,0,0,0
C,3279,3280,3282,3277,3279,3279,3276,3278,3279,3280,3281,3280,3280,3280,3280,3279
T,3327,2,0,-13250,189,421,0,0,5,524,-4,740,0,0,0,0
C,3280,3281,3282,3276,3279,3279,3276,3278,3279,3280,3281,3280,3280,3280,3280,3279
T,3328,2,0,-19456,191,421,0,0,5,524,-4,740,0,0,0,0
C,3280,3281,3282,3276,3279,3279,3276,3278,3279,3280,3281,3280,3280,3280,3280,3279
T,3329,1,0,3967,190,421,0,0,5,524,-4,740,0,0,0,0
C,3280,3281,3282,3276,3279,3279,3276,3278,3279,3280,3281,3280,3280,3280,3280,3279
T,3330,1,0,17427,191,421,0,0,5,524,-5,740,0,0,0,0
C,3280,3281,3282,3276,3279,3279,3276,3278,3279,3280,3281,3280,3280,3280,3280,3279
T,3331,2,0,-11801,190,421,0,0,5,524,-5,740,0,0,0,0
C,3280,3281,3282,3276,3279,3279,3276,3278,3279,3280,3281,3280,3280,3280,3280,3279
T,3332,2,0,-14094,191,421,0,0,5,524,-5,740,0,0,0,0
C,3280,3281,3282,3276,3279,3279,3276,3278,3279,3280,3281,3280,3280,3280,3280,3279
T,3333,1,0,-13551,192,421,0,0,5,524,-4,740,0,0,0,0
C,3280,3281,3282,3276,3279,3279,3276,3278,3279,3280,3281,3280,3280,3280,3280,3279
T,3334,3,0,29538,192,421,0,0,5,524,-4,740,0,0,0,0
C,3280,3281,3282,3276,3279,3279,3276,3278,3279,3280,3281,3280,3280,3280,3280,3279
T,3335,1,0,-22297,193,421,0,0,5,524,-4,740,0,0,0,0
C,3280,3281,3282,3276,3279,3279,3276,3278,3279,3280,3281,3280,3280,3280,3280,3279
T,3336,2,0,3564,192,421,0,0,5,524,-3,740,0,0,0,0
C,3280,3281,3282,3276,3279,3279,3276,3278,3279,3280,3281,3280,3280,3280,3280,3279
T,3337,2,0,1798,191,421,0,0,5,524,-3,740,0,0,0,0
C,3280,3281,3282,3276,3279,3279,3276,3278,3279,3280,3281,3280,3280,3280,3280,3279
T,3338,3,0,11504,192,421,0,0,5,524,-3,740,0,0,0,0
C,3280,3281,3282,3276,3279,3279,3276,3278,3279,3280,3281,3280,3280,3280,3280,3279
T,3339,2,0,-11994,191,421,0,0,5,524,-5,740,0,0,0,0
C,3280,3281,3282,3276,3279,3279,3276,3278,3279,3280,3281,3280,3280,3280,3280,3279
T,3340,1,0,28472,190,421,0,0,5,524,-5,740,0,0,0,0
C,3279,3280,3282,3276,3279,3279,3276,3278,3279,3280,3281,3280,3280,3280,3280,3279
T,3341,0,0,-20295,190,421,0,0,5,524,-5,740,0,0,0,0
C,3279,3280,3282,3276,3279,3279,3276,3278,3279,3280,3281,3280,3280,3280,3280,3279
T,3342,3,0,-9890,190,421,0,0,5,524,-7,740,0,0,0,0
C,3279,3280,3282,3276,3279,3279,3276,3278,3279,3280,3281,3280,3280,3280,3280,3279
T,3343,1,0,-14360,189,421,0,0,5,524,-7,740,0,0,0,0
C,3279,3280,3282,3276,3279,3279,3276,3278,3279,3280,3281,3280,3280,3280,3280,3279
T,3344,1,0,-30033,191,421,0,0,5,524,-7,740,0,0,0,0
C,3279,3280,3282,3276,3279,3279,3276,3278,3279,3280,3281,3280,3280,3280,3280,3279
T,3345,3,0,-29752,190,421,0,0,5,524,-6,740,0,0,0,0
C,3279,3280,3282,3276,3279,3279,3276,3278,3279,3280,3281,3280,3280,3280,3280,3279
T,3346,2,0,-26914,192,421,0,0,5,524,-6,740,0,0,0,0
C,3279,3280,3282,3277,3279,3279,3276,3278,3279,3280,3281,3280,3280,3280,3280,3279
T,3347,2,0,15984,193,421,0,0,5,524,-6,740,0,0,0,0
C,3279,3280,3282,3277,3279,3279,3276,3278,3279,3280,3281,3280,3280,3280,3280,3279
T,3348,3,0,24038,193,421,0,0,5,524,-6,740,0,0,0,0
C,3279,3280,3282,3277,3279,3279,3276,3278,3279,3280,3281,3280,3280,3280,3280,3279
T,3349,1,0,4206,195,421,0,0,5,524,-6,740,0,0,0,0
C,3280,3280,3282,3277,3279,3279,3276,3278,3279,3280,3281,3280,3280,3280,3280,3279
T,3350,1,0,13062,195,421,0,0,5,524,-6,740,0,0,0,0
C,3280,3280,3282,3277,3279,3279,3276,3278,3279,3280,3281,3280,3280,3280,3280,3279
T,3351,1,0,8957,193,421,0,0,5,524,-6,740,0,0,0,0
C,3280,3280,3282,3277,3279,3279,3276,3278,3279,3280,3281,3280,3280,3280,3280,3279
T,3352,3,0,-29552,192,421,0,0,5,524,-6,740,0,0,0,0
C,3279,3280,3282,3276,3279,3279,3276,3278,3279,3280,3281,3280,3280,3280,3280,3279
T,3353,1,0,16423,191,421,0,0,5,524,-6,740,0,0,0,0
C,3279,3280,3282,3276,3279,3279,3276,3278,3279,3280,3281,3280,3280,3280,3280,3279
T,3354,1,0,-7433,190,421,0,0,5,524,-6,740,0,0,0,0
C,3279,3280,3282,3276,3279,3279,3276,3278,3279,3280,3281,3280,3280,3280,3280,3279
T,3355,1,0,8998,191,421,0,0,5,524,-6,740,0,0,0,0
C,3279,3280,3282,3276,3279,3279,3276,3278,3279,3280,3281,3280,3280,3280,3280,3279
T,3356,1,0,29698,191,421,0,0,5,524,-6,740,0,0,0,0
C,3279,3280,3282,3276,3279,3279,3276,3278,3279,3280,3281,3280,3280,3280,3280,3279
T,3357,2,0,5106,191,421,0,0,5,524,-6,740,0,0,0,0
C,3279,3280,3282,3276,3279,3279,3276,3278,3279,3280,3281,3280,3280,3280,3280,3279
T,3358,2,0,-19156,192,421,0,0,5,524,-6,740,0,0,0,0
C,3279,3280,3282,3276,3279,3279,3276,3278,3279,3280,3281,3280,3280,3280,3280,3279
T,3359,3,0,4591,192,421,0,0,5,524,-6,740,0,0,0,0
C,3279,3280,3282,3276,3279,3279,3276,3278,3279,3280,3281,3280,3280,3280,3280,3279
T,3360,2,0,-31717,193,421,0,0,5,524,-5,740,0,0,0,0
C,3279,3280,3282,3276,3279,3279,3276,3278,3279,3280,3281,3280,3280,3280,3280,3279
T,3361,3,0,-29689,193,421,0,0,5,524,-5,740,0,0,0,0
C,3279,3281,3282,3277,3279,3279,3276,3278,3279,3280,3281,3280,3280,3280,3280,3279
T,3362,4,0,1776,194,421,0,0,5,524,-5,740,0,0,0,0
C,3279,3281,3282,3277,3279,3279,3276,3278,3279,3280,3281,3280,3280,3280,3280,3279
T,3363,4,0,-24608,192,421,0,0,5,524,-5,740,0,0,0,0
C,3279,3281,3282,3277,3279,3279,3276,3278,3279,3280,3281,3280,3280,3280,3280,3279
T,3364,2,0,10310,191,421,0,0,5,524,-5,740,0,0,0,0
C,3279,3281,3282,3277,3280,3279,3276,3278,3279,3280,3281,3280,3280,3280,3280,3279
T,3365,1,0,-18881,188,421,0,0,5,524,-5,740,0,0,0,0
C,3279,3281,3282,3277,3280,3279,3276,3278,3279,3280,3281,3280,3280,3280,3280,3279
T,3366,1,0,-24249,189,421,0,0,5,524,-6,740,0,0,0,0
C,3279,3281,3282,3277,3280,3279,3276,3278,3279,3280,3281,3280,3280,3280,3280,3279
T,3367,2,0,-286,188,421,0,0,5,524,-6,740,0,0,0,0
C,3279,3281,3282,3277,3279,3279,3276,3278,3279,3280,3281,3280,3280,3280,3280,3279
T,3368,2,0,-19537,189,421,0,0,5,524,-6,740,0,0,0,0
C,3279,3281,3282,3277,3279,3279,3276,3278,3279,3280,3281,3280,3280,3280,3280,3279
T,3369,3,0,19622,188,422,0,0,5,524,-4,740,0,0,0,0
C,3279,3281,3282,3277,3279,3279,3276,3278,3279,3280,3281,3280,3280,3280,3280,3279
T,3370,3,0,31536,190,421,0,0,5,524,-4,740,0,0,0,0
C,3279,3281,3282,3277,3279,3280,3276,3278,3279,3280,3281,3280,3280,3280,3280,3279
T,3371,2,0,-13521,189,421,0,0,5,524,-4,740,0,0,0,0
C,3279,3281,3282,3277,3279,3280,3276,3278,3279,3280,3281,3280,3280,3280,3280,3279
T,3372,2,0,4818,189,421,0,0,5,524,-5,740,0,0,0,0
C,3279,3281,3282,3277,3279,3280,3276,3278,3279,3280,3281,3280,3280,3280,3280,3279
T,3373,3,0,31086,189,421,0,0,5,524,-5,740,0,0,0,0
C,3279,3281,3282,3276,3279,3279,3276,3278,3279,3280,3281,3280,3280,3280,3280,3279
T,3374,2,0,-25330,190,421,0,0,5,524,-5,740,0,0,0,0
C,3279,3281,3282,3276,3279,3279,3276,3278,3279,3280,3281,3280,3280,3280,3280,3279
T,3375,2,0,12597,191,421,0,0,5,524,-6,740,0,0,0,0
C,3279,3281,3282,3276,3279,3279,3276,3278,3279,3280,3281,3280,3280,3280,3280,3279
T,3376,3,0,28842,192,421,0,0,5,524,-6,740,0,0,0,0
C,3279,3281,3282,3276,3279,3279,3276,3278,3279,3280,3281,3280,3280,3280,3280,3279
T,3377,3,0,-7368,193,421,0,0,5,524,-6,740,0,0,0,0
C,3279,3281,3282,3276,3279,3279,3276,3278,3279,3280,3281,3280,3280,3280,3280,3279
T,3378,3,0,3847,192,421,0,0,5,524,-6,740,0,0,0,0
C,3279,3281,3282,3276,3279,3279,3276,3278,3279,3280,3281,3280,3280,3280,3280,3279
T,3379,4,0,-28172,192,421,0,0,5,524,-6,740,0,0,0,0
C,3279,3281,3282,3276,3279,3279,3276,3278,3279,3280,3281,3280,3280,3280,3280,3279
T,3380,2,0,-23720,191,422,0,0,5,524,-6,740,0,0,0,0
C,3279,3281,3282,3276,3279,3279,3276,3278,3279,3280,3281,3280,3280,3280,3280,3279
T,3381,2,0,7670,190,421,0,0,5,524,-6,740,0,0,0,0
C,3279,3281,3282,3276,3279,3279,3276,3278,3279,3280,3281,3280,3280,3280,3280,3279
T,3382,2,0,-32272,189,421,0,0,5,524,-5,740,0,0,0,0
C,3279,3281,3282,3276,3279,3279,3276,3278,3279,3280,3281,3280,3280,3280,3280,3279
T,3383,2,0,20658,190,421,0,0,5,524,-5,740,0,0,0,0
C,3279,3280,3282,3276,3279,3279,3276,3278,3279,3280,3281,3280,3280,3280,3280,3279
T,3384,1,0,26902,188,421,0,0,5,524,-5,740,0,0,0,0
C,3279,3280,3282,3276,3279,3279,3276,3278,3279,3280,3281,3280,3280,3280,3280,3279
T,3385,1,0,-27219,190,421,0,0,5,524,-4,740,0,0,0,0
C,3279,3280,3282,3276,3279,3279,3276,3278,3279,3280,3281,3280,3280,3280,3280,3279
T,3386,2,0,9739,191,421,0,0,5,524,-4,740,0,0,0,0
C,3280,3280,3282,3276,3279,3279,3276,3278,3279,3280,3281,3280,3280,3280,3280,3279
T,3387,2,0,28998,192,422,0,0,5,524,-4,740,0,0,0,0
C,3280,3280,3282,3276,3279,3279,3276,3278,3279,3280,3281,3280,3280,3280,3280,3279
T,3388,1,0,-2863,191,421,0,0,5,524,-4,740,0,0,0,0
C,3280,3280,3282,3276,3279,3279,3276,3278,3279,3280,3281,3280,3280,3280,3280,3279
T,3389,1,0,-19289,192,421,0,0,5,524,-4,740,0,0,0,0
C,3280,3280,3282,3276,3279,3279,3276,3278,3279,3280,3281,3280,3280,3280,3280,3279
T,3390,2,0,-24377,194,421,0,0,5,524,-4,740,0,0,0,0
C,3280,3280,3282,3276,3279,3279,3276,3278,3279,3280,3281,3280,3280,3280,3280,3279
T,3391,2,0,-28603,195,421,0,0,5,524,-4,740,0,0,0,0
C,3280,3280,3282,3276,3279,3279,3276,3278,3279,3280,3281,3280,3280,3280,3280,3279
T,3392,2,0,-20182,194,421,0,0,5,524,-4,740,0,0,0,0
C,3279,3281,3282,3277,3279,3279,3276,3278,3279,3280,3280,3281,3280,3280,3280,3279
T,3393,3,0,22518,193,421,0,0,5,524,-4,740,0,0,0,0
C,3279,3281,3282,3277,3279,3279,3276,3278,3279,3280,3280,3281,3280,3280,3280,3279
T,3394,3,0,26836,195,421,0,0,5,524,-5,740,0,0,0,0
C,3279,3281,3282,3277,3279,3279,3276,3278,3279,3280,3280,3281,3280,3280,3280,3279
T,3395,1,0,9087,196,421,0,0,5,524,-5,740,0,0,0,0
C,3279,3281,3282,3277,3279,3279,3276,3278,3279,3280,3280,3281,3280,3280,3280,3279
T,3396,1,0,-23770,195,421,0,0,5,524,-5,740,0,0,0,0
C,3279,3281,3282,3277,3279,3279,3276,3278,3279,3280,3280,3281,3280,3280,3280,3279
T,3397,2,0,-4880,192,421,0,0,5,524,-4,740,0,0,0,0
C,3279,3281,3282,3277,3279,3279,3276,3278,3279,3280,3280,3281,3280,3280,3280,3279
T,3398,3,0,-9360,192,421,0,0,5,524,-4,740,0,0,0,0
C,3280,3281,3282,3277,3279,3280,3276,3278,3279,3280,3281,3280,3280,3280,3280,3279
T,3399,2,0,24130,190,421,0,0,5,524,-4,740,0,0,0,0
C,3280,3281,3282,3277,3279,3280,3276,3278,3279,3280,3281,3280,3280,3280,3280,3279
T,3400,2,0,-22058,189,421,0,0,5,524,-4,740,0,0,0,0
C,3280,3281,3282,3277,3279,3280,3276,3278,3279,3280,3281,3280,3280,3280,3280,3279
T,3401,1,0,-14112,191,421,0,0,5,524,-4,740,0,0,0,0
C,3280,3281,3282,3276,3279,3280,3276,3278,3279,3280,3281,3280,3280,3280,3280,3279
T,3402,2,0,23289,191,421,0,0,5,524,-4,740,0,0,0,0
C,3280,3281,3282,3276,3279,3280,3276,3278,3279,3280,3281,3280,3280,3280,3280,3279
T,3403,3,0,-1762,190,421,0,0,5,524,-5,740,0,0,0,0
C,3280,3281,3282,3276,3279,3280,3276,3278,3279,3280,3281,3280,3280,3280,3280,3279
T,3404,2,0,-1501,189,421,0,0,5,524,-5,740,0,0,0,0
C,3280,3281,3282,3276,3279,3280,3276,3278,3279,3280,3281,3281,3280,3280,3280,3279
T,3405,2,0,-22561,189,421,0,0,5,524,-5,740,0,0,0,0
C,3280,3281,3282,3276,3279,3280,3276,3278,3279,3280,3281,3281,3280,3280,3280,3279
T,3406,1,0,-31176,187,421,0,0,5,524,-4,740,0,0,0,0
C,3280,3281,3282,3276,3279,3280,3276,3278,3279,3280,3281,3281,3280,3280,3280,3279
T,3407,2,0,-27136,187,421,0,0,5,524,-4,740,0,0,0,0
C,3280,3281,3282,3276,3279,3279,3276,3278,3279,3280,3281,3280,3280,3280,3280,3279
T,3408,4,0,-25624,186,421,0,0,5,524,-4,740,0,0,0,0
C,3280,3281,3282,3276,3279,3279,3276,3278,3279,3280,3281,3280,3280,3280,3280,3279
T,3409,4,0,7876,188,421,0,0,5,524,-4,740,0,0,0,0
C,3280,3281,3282,3276,3279,3279,3276,3278,3279,3280,3281,3280,3280,3280,3280,3279
T,3410,3,0,3628,188,421,0,0,5,524,-4,740,0,0,0,0
C,3279,3280,3282,3276,3279,3279,3276,3278,3279,3280,3281,3280,3280,3280,3280,3279
T,3411,3,0,23041,189,421,0,0,5,524,-4,740,0,0,0,0
C,3279,3280,3282,3276,3279,3279,3276,3278,3279,3280,3281,3280,3280,3280,3280,3279
T,3412,3,0,-10645,191,421,0,0,5,524,-5,740,0,0,0,0
C,3279,3280,3282,3276,3279,3279,3276,3278,3279,3280,3281,3280,3280,3280,3280,3279
T,3413,2,0,615,192,421,0,0,5,524,-5,740,0,0,0,0
C,3279,3280,3282,3276,3279,3280,3276,3278,3279,3280,3281,3280,3280,3280,3280,3279
T,3414,3,0,18911,192,421,0,0,5,524,-5,740,0,0,0,0
C,3279,3280,3282,3276,3279,3280,3276,3278,3279,3280,3281,3280,3280,3280,3280,3279
T,3415,2,0,-6302,194,421,0,0,5,524,-5,740,0,0,0,0
C,3279,3280,3282,3276,3279,3280,3276,3278,3279,3280,3281,3280,3280,3280,3280,3279
T,3416,2,0,-7520,194,421,0,0,5,524,-5,740,0,0,0,0
C,3280,3281,3282,3277,3279,3279,3276,3278,3279,3280,3280,3280,3280,3280,3280,3279
T,3417,2,0,26553,194,421,0,0,5,524,-5,740,0,0,0,0
C,3280,3281,3282,3277,3279,3279,3276,3278,3279,3280,3280,3280,3280,3280,3280,3279
T,3418,2,0,23206,193,421,0,0,5,524,-5,740,0,0,0,0
C,3280,3281,3282,3277,3279,3279,3276,3278,3279,3280,3280,3280,3280,3280,3280,3279
T,3419,3,0,9212,192,421,0,0,5,524,-5,740,0,0,0,0
C,3280,3281,3282,3276,3279,3279,3276,3278,3279,3280,3280,3280,3280,3280,3280,3279
T,3420,3,0,2333,192,421,0,0,5,524,-5,740,0,0,0,0
C,3280,3281,3282,3276,3279,3279,3276,3278,3279,3280,3280,3280,3280,3280,3280,3279
T,3421,2,0,30456,191,421,0,0,5,524,-4,740,0,0,0,0
C,3280,3281,3282,3276,3279,3279,3276,3278,3279,3280,3280,3280,3280,3280,3280,3279
T,3422,2,0,-3470,190,421,0,0,5,524,-4,740,0,0,0,0
C,3279,3280,3282,3276,3279,3279,3276,3278,3279,3280,3280,3280,3280,3280,3280,3279
T,3423,2,0,-20265,192,421,0,0,5,524,-4,740,0,0,0,0
C,3279,3280,3282,3276,3279,3279,3276,3278,3279,3280,3280,3280,3280,3280,3280,3279
T,3424,3,0,12599,192,421,0,0,5,524,-5,740,0,0,0,0
C,3279,3280,3282,3276,3279,3279,3276,3278,3279,3280,3280,3280,3280,3280,3280,3279
T,3425,3,0,-18678,190,421,0,0,5,524,-5,740,0,0,0,0
C,3279,3280,3282,3277,3279,3279,3276,3278,3279,3280,3280,3280,3280,3280,3280,3279
T,3426,1,0,9708,189,421,0,0,5,524,-5,740,0,0,0,0
C,3279,3280,3282,3277,3279,3279,3276,3278,3279,3280,3280,3280,3280,3280,3280,3279
T,3427,0,0,-19028,189,421,0,0,5,524,-5,740,0,0,0,0
C,3279,3280,3282,3277,3279,3279,3276,3278,3279,3280,3280,3280,3280,3280,3280,3279
T,3428,3,0,-12573,188,421,0,0,5,524,-5,740,0,0,0,0
C,3279,3281,3282,3276,3279,3279,3276,3278,3279,3280,3280,3280,3280,3280,3280,3279
T,3429,3,0,-8555,189,421,0,0,5,524,-5,740,0,0,0,0
C,3279,3281,3282,3276,3279,3279,3276,3278,3279,3280,3280,3280,3280,3280,3280,3279
T,3430,2,0,23446,190,421,0,0,5,524,-5,740,0,0,0,0
C,3279,3281,3282,3276,3279,3279,3276,3278,3279,3280,3280,3280,3280,3280,3280,3279
T,3431,1,0,13587,189,421,0,0,5,524,-5,740,0,0,0,0
C,3279,3280,3282,3276,3279,3279,3276,3278,3279,3280,3281,3280,3280,3280,3280,3279
T,3432,2,0,-19523,190,421,0,0,5,524,-5,740,0,0,0,0
C,3279,3280,3282,3276,3279,3279,3276,3278,3279,3280,3281,3280,3280,3280,3280,3279
T,3433,1,0,19822,189,421,0,0,5,524,-5,740,0,0,0,0
C,3279,3280,3282,3276,3279,3279,3276,3278,3279,3280,3281,3280,3280,3280,3280,3279
T,3434,0,0,17458,190,421,0,0,5,524,-5,740,0,0,0,0
C,3279,3280,3282,3276,3279,3279,3276,3278,3279,3280,3281,3280,3280,3280,3280,3279
T,3435,2,0,-29360,190,422,0,0,5,524,-5,740,0,0,0,0
C,3279,3280,3282,3276,3279,3279,3276,3278,3279,3280,3281,3280,3280,3280,3280,3279
T,3436,2,0,14658,191,421,0,0,5,524,-6,740,0,0,0,0
C,3279,3280,3282,3276,3279,3279,3276,3278,3279,3280,3281,3280,3280,3280,3280,3279
T,3437,3,0,23188,190,421,0,0,5,524,-6,740,0,0,0,0
C,3279,3281,3282,3276,3279,3279,3276,3278,3279,3280,3281,3280,3280,3280,3280,3279
T,3438,2,0,23130,189,421,0,0,5,524,-6,740,0,0,0,0
C,3279,3281,3282,3276,3279,3279,3276,3278,3279,3280,3281,3280,3280,3280,3280,3279
T,3439,3,0,30786,189,421,0,0,5,524,-6,740,0,0,0,0
C,3279,3281,3282,3276,3279,3279,3276,3278,3279,3280,3281,3280,3280,3280,3280,3279
T,3440,2,0,-7013,187,421,0,0,5,524,-6,740,0,0,0,0
C,3280,3281,3282,3277,3279,3279,3276,3278,3279,3280,3281,3280,3280,3280,3280,3279
T,3441,3,0,12348,187,421,0,0,5,524,-6,740,0,0,0,0
C,3280,3281,3282,3277,3279,3279,3276,3278,3279,3280,3281,3280,3280,3280,3280,3279
T,3442,2,0,-17581,189,421,0,0,5,524,-4,740,0,0,0,0
C,3280,3281,3282,3277,3279,3279,3276,3278,3279,3280,3281,3280,3280,3280,3280,3279
T,3443,2,0,3633,189,421,0,0,5,524,-4,740,0,0,0,0
C,3280,3281,3282,3276,3279,3280,3276,3278,3279,3280,3281,3280,3280,3280,3280,3279
T,3444,2,0,21464,190,421,0,0,5,524,-4,740,0,0,0,0
C,3280,3281,3282,3276,3279,3280,3276,3278,3279,3280,3281,3280,3280,3280,3280,3279
T,3445,1,0,-8522,189,421,0,0,5,524,-4,740,0,0,0,0
C,3280,3281,3282,3276,3279,3280,3276,3278,3279,3280,3281,3280,3280,3280,3280,3279
T,3446,1,0,-17538,190,421,0,0,5,524,-4,740,0,0,0,0
C,3279,3281,3282,3276,3279,3279,3276,3278,3279,3280,3280,3280,3280,3280,3280,3279
T,3447,3,0,22567,190,421,0,0,5,524,-4,740,0,0,0,0
C,3279,3281,3282,3276,3279,3279,3276,3278,3279,3280,3280,3280,3280,3280,3280,3279
T,3448,3,0,-14203,190,421,0,0,5,524,-5,740,0,0,0,0
C,3279,3281,3282,3276,3279,3279,3276,3278,3279,3280,3280,3280,3280,3280,3280,3279
T,3449,3,0,9228,189,421,0,0,5,524,-5,740,0,0,0,0
C,3279,3281,3282,3276,3279,3279,3276,3278,3279,3280,3280,3280,3280,3280,3280,3279
T,3450,2,0,-27742,189,421,0,0,5,524,-5,740,0,0,0,0
C,3279,3281,3282,3276,3279,3279,3276,3278,3279,3280,3280,3280,3280,3280,3280,3279
T,3451,3,0,-31637,190,421,0,0,5,524,-5,740,0,0,0,0
C,3279,3281,3282,3276,3279,3279,3276,3278,3279,3280,3280,3280,3280,3280,3280,3279
T,3452,2,0,17304,192,421,0,0,5,524,-5,740,0,0,0,0
C,3280,3281,3282,3276,3279,3279,3276,3278,3279,3280,3281,3280,3280,3280,3280,3279
T,3453,2,0,12792,191,421,0,0,5,524,-5,740,0,0,0,0
C,3280,3281,3282,3276,3279,3279,3276,3278,3279,3280,3281,3280,3280,3280,3280,3279
T,3454,2,0,-30402,192,421,0,0,5,524,-5,740,0,0,0,0
C,3280,3281,3282,3276,3279,3279,3276,3278,3279,3280,3281,3280,3280,3280,3280,3279
T,3455,2,0,-17976,192,421,0,0,5,524,-5,740,0,0,0,0
C,3280,3281,3282,3276,3279,3279,3276,3278,3279,3280,3280,3280,3280,3280,3280,3279
T,3456,1,0,591,191,421,0,0,5,524,-5,740,0,0,0,0
C,3280,3281,3282,3276,3279,3279,3276,3278,3279,3280,3280,3280,3280,3280,3280,3279
T,3457,2,0,15460,192,421,0,0,5,524,-5,740,0,0,0,0
C,3280,3281,3282,3276,3279,3279,3276,3278,3279,3280,3280,3280,3280,3280,3280,3279
T,3458,2,0,-10314,192,421,0,0,5,524,-5,740,0,0,0,0
C,3279,3281,3282,3277,3279,3280,3276,3278,3279,3280,3280,3280,3279,3280,3280,3279
T,3459,2,0,28792,191,421,0,0,5,524,-5,740,0,0,0,0
C,3279,3281,3282,3277,3279,3280,3276,3278,3279,3280,3280,3280,3279,3280,3280,3279
T,3460,3,0,18313,192,421,0,0,5,524,-5,740,0,0,0,0
C,3279,3281,3282,3277,3279,3280,3276,3278,3279,3280,3280,3280,3279,3280,3280,3279
T,3461,2,0,-21626,190,421,0,0,5,524,-5,740,0,0,0,0
C,3279,3281,3282,3276,3279,3279,3276,3278,3279,3280,3281,3280,3279,3280,3280,3279
T,3462,1,0,-10902,191,421,0,0,5,524,-5,740,0,0,0,0
C,3279,3281,3282,3276,3279,3279,3276,3278,3279,3280,3281,3280,3279,3280,3280,3279
T,3463,1,0,-28196,188,421,0,0,5,524,-4,740,0,0,0,0
C,3279,3281,3282,3276,3279,3279,3276,3278,3279,3280,3281,3280,3279,3280,3280,3279
T,3464,1,0,-11773,188,421,0,0,5,524,-4,740,0,0,0,0
C,3280,3281,3282,3276,3279,3279,3276,3278,3279,3280,3281,3280,3279,3280,3280,3279
T,3465,2,0,-14531,187,421,0,0,5,524,-4,740,0,0,0,0
C,3280,3281,3282,3276,3279,3279,3276,3278,3279,3280,3281,3280,3279,3280,3280,3279
T,3466,1,0,-7407,188,421,0,0,5,524,-4,740,0,0,0,0
C,3280,3281,3282,3276,3279,3279,3276,3278,3279,3280,3281,3280,3279,3280,3280,3279
T,3467,1,0,-14187,187,421,0,0,5,524,-4,740,0,0,0,0
C,3279,3280,3282,3277,3279,3280,3276,3278,3279,3280,3281,3280,3279,3280,3280,3279
T,3468,1,0,-6321,186,421,0,0,5,524,-4,740,0,0,0,0
C,3279,3280,3282,3277,3279,3280,3276,3278,3279,3280,3281,3280,3279,3280,3280,3279
T,3469,2,0,-7376,187,421,0,0,5,524,-4,740,0,0,0,0
C,3279,3280,3282,3277,3279,3280,3276,3278,3279,3280,3281,3280,3279,3280,3280,3279
T,3470,1,0,-26252,186,421,0,0,5,524,-4,740,0,0,0,0
C,3279,3280,3282,3277,3279,3280,3276,3278,3279,3280,3281,3280,3279,3280,3280,3279
T,3471,1,0,25419,186,421,0,0,5,524,-4,740,0,0,0,0
C,3279,3280,3282,3277,3279,3279,3276,3278,3279,3280,3281,3280,3279,3280,3280,3278
T,3472,1,0,-25411,186,421,0,0,5,524,-4,740,0,0,0,0
C,3279,3280,3282,3277,3279,3279,3276,3278,3279,3280,3281,3280,3279,3280,3280,3278
T,3473,1,0,7974,186,421,0,0,5,524,-5,740,0,0,0,0
C,3279,3280,3282,3277,3279,3279,3276,3278,3279,3280,3281,3280,3279,3280,3280,3278
T,3474,2,0,12658,187,421,0,0,5,524,-5,740,0,0,0,0
C,3279,3281,3282,3277,3279,3279,3276,3278,3279,3280,3281,3280,3279,3280,3280,3278
T,3475,3,0,-29356,188,421,0,0,5,524,-5,740,0,0,0,0
C,3279,3281,3282,3277,3279,3279,3276,3278,3279,3280,3281,3280,3279,3280,3280,3278
T,3476,3,0,-21567,188,421,0,0,5,524,-4,740,0,0,0,0
C,3279,3281,3282,3277,3279,3279,3276,3278,3279,3280,3281,3280,3279,3280,3280,3278
T,3477,2,0,-20780,188,421,0,0,5,524,-4,740,0,0,0,0
C,3279,3281,3282,3277,3279,3279,3276,3278,3279,3280,3281,3280,3279,3280,3280,3279
T,3478,4,0,5936,186,421,0,0,5,524,-4,740,0,0,0,0
C,3279,3281,3282,3277,3279,3279,3276,3278,3279,3280,3281,3280,3279,3280,3280,3279
T,3479,2,0,-25485,188,422,0,0,5,524,-4,740,0,0,0,0
C,3279,3281,3282,3277,3279,3279,3276,3278,3279,3280,3281,3280,3279,3280,3280,3279
T,3480,3,0,-12369,188,421,0,0,5,524,-4,740,0,0,0,0
C,3280,3280,3282,3276,3279,3279,3276,3278,3279,3280,3281,3280,3279,3280,3280,3279
T,3481,2,0,27167,188,421,0,0,5,524,-4,740,0,0,0,0
C,3280,3280,3282,3276,3279,3279,3276,3278,3279,3280,3281,3280,3279,3280,3280,3279
T,3482,3,0,-7011,189,421,0,0,5,524,-5,740,0,0,0,0
C,3280,3280,3282,3276,3279,3279,3276,3278,3279,3280,3281,3280,3279,3280,3280,3279
T,3483,5,0,-25210,189,421,0,0,5,524,-5,740,0,0,0,0
C,3279,3280,3282,3276,3279,3279,3276,3278,3279,3280,3281,3280,3279,3280,3280,3279
T,3484,4,0,7096,189,421,0,0,5,524,-5,740,0,0,0,0
C,3279,3280,3282,3276,3279,3279,3276,3278,3279,3280,3281,3280,3279,3280,3280,3279
T,3485,4,0,10994,188,421,0,0,5,524,-4,740,0,0,0,0
C,3279,3280,3282,3276,3279,3279,3276,3278,3279,3280,3281,3280,3279,3280,3280,3279
T,3486,2,0,-3998,189,421,0,0,5,524,-4,740,0,0,0,0
C,3279,3281,3282,3277,3279,3279,3276,3278,3279,3280,3281,3280,3279,3280,3280,3279
T,3487,3,0,14504,190,421,0,0,5,524,-4,740,0,0,0,0
C,3279,3281,3282,3277,3279,3279,3276,3278,3279,3280,3281,3280,3279,3280,3280,3279
T,3488,3,0,-12812,190,421,0,0,5,524,-4,740,0,0,0,0
C,3279,3281,3282,3277,3279,3279,3276,3278,3279,3280,3281,3280,3279,3280,3280,3279
T,3489,3,0,10048,191,421,0,0,5,524,-4,740,0,0,0,0
C,3279,3281,3282,3277,3279,3279,3276,3278,3279,3280,3281,3280,3279,3280,3280,3279
T,3490,2,0,-31778,193,421,0,0,5,524,-4,740,0,0,0,0
C,3279,3281,3282,3277,3279,3279,3276,3278,3279,3280,3281,3280,3279,3280,3280,3279
T,3491,2,0,7760,193,421,0,0,5,524,-6,740,0,0,0,0
C,3279,3281,3282,3277,3279,3279,3276,3278,3279,3280,3281,3280,3279,3280,3280,3279
T,3492,2,0,12028,192,421,0,0,5,524,-6,740,0,0,0,0
C,3280,3281,3282,3277,3279,3280,3276,3278,3279,3280,3281,3280,3280,3280,3280,3279
T,3493,3,0,26742,192,421,0,0,5,524,-6,740,0,0,0,0
C,3280,3281,3282,3277,3279,3280,3276,3278,3279,3280,3281,3280,3280,3280,3280,3279
T,3494,2,0,-402,193,421,0,0,5,524,-6,740,0,0,0,0
C,3280,3281,3282,3277,3279,3280,3276,3278,3279,3280,3281,3280,3280,3280,3280,3279
T,3495,1,0,8606,193,422,0,0,5,524,-6,740,0,0,0,0
C,3280,3281,3282,3277,3279,3279,3276,3278,3279,3280,3281,3280,3280,3280,3280,3279
T,3496,2,0,22319,192,421,0,0,5,524,-6,740,0,0,0,0
C,3280,3281,3282,3277,3279,3279,3276,3278,3279,3280,3281,3280,3280,3280,3280,3279
T,3497,3,0,-25746,191,421,0,0,5,524,-4,740,0,0,0,0
C,3280,3281,3282,3277,3279,3279,3276,3278,3279,3280,3281,3280,3280,3280,3280,3279
T,3498,4,0,394,190,421,0,0,5,524,-4,740,0,0,0,0
C,3280,3281,3282,3277,3279,3279,3276,3278,3279,3280,3281,3280,3280,3280,3280,3279
T,3499,2,0,-9584,191,421,0,0,5,524,-4,740,0,0,0,0
C,3280,3281,3282,3277,3279,3279,3276,3278,3279,3280,3281,3280,3280,3280,3280,3279
T,3500,2,0,26868,189,421,0,0,5,524,-3,740,0,0,0,0
C,3280,3281,3282,3277,3279,3279,3276,3278,3279,3280,3281,3280,3280,3280,3280,3279
T,3501,2,0,-20579,190,422,0,0,5,524,-3,740,0,0,0,0
C,3279,3281,3282,3277,3279,3280,3276,3278,3279,3280,3281,3280,3280,3280,3280,3279
T,3502,1,0,22720,189,421,0,0,5,524,-3,740,0,0,0,0
C,3279,3281,3282,3277,3279,3280,3276,3278,3279,3280,3281,3280,3280,3280,3280,3279
T,3503,2,0,31780,190,421,0,0,5,524,-5,740,0,0,0,0
C,3279,3281,3282,3277,3279,3280,3276,3278,3279,3280,3281,3280,3280,3280,3280,3279
T,3504,1,0,1724,189,421,0,0,5,524,-5,740,0,0,0,0
C,3279,3280,3282,3277,3279,3280,3276,3278,3279,3280,3281,3280,3280,3280,3280,3279
T,3505,3,0,-8944,190,421,0,0,5,524,-5,740,0,0,0,0
C,3279,3280,3282,3277,3279,3280,3276,3278,3279,3280,3281,3280,3280,3280,3280,3279
T,3506,1,0,10967,190,421,0,0,5,524,-5,740,0,0,0,0
C,3279,3280,3282,3277,3279,3280,3276,3278,3279,3280,3281,3280,3280,3280,3280,3279
T,3507,1,0,28952,190,421,0,0,5,524,-5,740,0,0,0,0
C,3279,3280,3282,3277,3279,3279,3276,3278,3279,3280,3281,3280,3280,3280,3280,3279
T,3508,2,0,-5482,189,421,0,0,5,524,-5,740,0,0,0,0
C,3279,3280,3282,3277,3279,3279,3276,3278,3279,3280,3281,3280,3280,3280,3280,3279
T,3509,1,0,6984,187,421,0,0,5,524,-6,740,0,0,0,0
C,3279,3280,3282,3277,3279,3279,3276,3278,3279,3280,3281,3280,3280,3280,3280,3279
T,3510,2,0,-5284,187,421,0,0,5,524,-6,740,0,0,0,0
C,3279,3280,3282,3277,3279,3279,3276,3278,3279,3280,3281,3280,3280,3280,3280,3279
T,3511,3,0,-18383,187,421,0,0,5,524,-6,740,0,0,0,0
C,3279,3280,3282,3277,3279,3279,3276,3278,3279,3280,3281,3280,3280,3280,3280,3279
T,3512,2,0,8990,187,421,0,0,5,524,-5,740,0,0,0,0
C,3279,3280,3282,3277,3279,3279,3276,3278,3279,3280,3281,3280,3280,3280,3280,3279
T,3513,2,0,26440,187,421,0,0,5,524,-5,740,0,0,0,0
C,3279,3281,3282,3277,3279,3279,3276,3278,3279,3280,3281,3280,3280,3280,3280,3279
T,3514,2,0,19361,187,421,0,0,5,524,-5,740,0,0,0,0
C,3279,3281,3282,3277,3279,3279,3276,3278,3279,3280,3281,3280,3280,3280,3280,3279
T,3515,2,0,28734,187,421,0,0,5,524,-5,740,0,0,0,0
C,3279,3281,3282,3277,3279,3279,3276,3278,3279,3280,3281,3280,3280,3280,3280,3279
T,3516,2,0,6114,187,421,0,0,5,524,-5,740,0,0,0,0
C,3279,3281,3282,3277,3279,3279,3276,3278,3279,3280,3281,3280,3280,3280,3280,3279
T,3517,2,0,-18440,188,421,0,0,5,524,-5,740,0,0,0,0
C,3279,3281,3282,3277,3279,3279,3276,3278,3279,3280,3281,3280,3280,3280,3280,3279
T,3518,2,0,-20312,186,421,0,0,5,524,-5,740,0,0,0,0
C,3279,3281,3282,3277,3279,3279,3276,3278,3279,3280,3281,3280,3280,3280,3280,3279
T,3519,1,0,28968,187,421,0,0,5,524,-5,740,0,0,0,0
C,3279,3281,3282,3277,3279,3279,3276,3278,3279,3280,3281,3280,3280,3280,3280,3279
T,3520,0,0,-20012,188,421,0,0,5,524,-5,740,0,0,0,0
C,3279,3281,3282,3277,3279,3279,3276,3278,3279,3280,3281,3280,3280,3280,3280,3279
T,3521,1,0,-20098,187,421,0,0,5,524,-5,740,0,0,0,0
C,3279,3281,3282,3277,3279,3279,3276,3278,3279,3280,3281,3280,3280,3280,3280,3279
T,3522,1,0,-24445,188,421,0,0,5,524,-5,740,0,0,0,0
C,3279,3281,3282,3277,3279,3279,3276,3278,3279,3280,3281,3280,3280,3280,3280,3279
T,3523,2,0,7007,190,422,0,0,5,524,-5,740,0,0,0,0
C,3279,3281,3282,3277,3279,3279,3276,3278,3279,3280,3281,3280,3280,3280,3280,3279
T,3524,1,0,-25836,190,422,0,0,5,524,-5,740,0,0,0,0
C,3279,3281,3282,3277,3279,3279,3276,3278,3279,3280,3281,3280,3280,3280,3280,3279
T,3525,2,0,-9890,192,422,0,0,5,524,-5,740,0,0,0,0
C,3280,3281,3282,3276,3279,3280,3276,3278,3279,3280,3281,3280,3280,3280,3280,3279
T,3526,3,0,21135,193,421,0,0,5,524,-5,740,0,0,0,0
C,3280,3281,3282,3276,3279,3280,3276,3278,3279,3280,3281,3280,3280,3280,3280,3279
T,3527,2,0,24764,193,421,0,0,5,524,-5,740,0,0,0,0
C,3280,3281,3282,3276,3279,3280,3276,3278,3279,3280,3281,3280,3280,3280,3280,3279
T,3528,3,0,18514,194,421,0,0,5,524,-5,740,0,0,0,0
C,3280,3281,3282,3276,3279,3280,3276,3278,3279,3280,3281,3280,3280,3280,3280,3279
T,3529,3,0,-14200,193,421,0,0,5,524,-5,740,0,0,0,0
C,3280,3281,3282,3276,3279,3280,3276,3278,3279,3280,3281,3280,3280,3280,3280,3279
T,3530,2,0,-4859,191,421,0,0,5,524,-4,740,0,0,0,0
C,3280,3281,3282,3276,3279,3280,3276,3278,3279,3280,3281,3280,3280,3280,3280,3279
T,3531,2,0,-26370,191,421,0,0,5,524,-4,740,0,0,0,0
C,3280,3281,3282,3276,3279,3279,3276,3278,3279,3280,3281,3280,3280,3280,3280,3279
T,3532,2,0,26335,193,421,0,0,5,524,-4,740,0,0,0,0
C,3280,3281,3282,3276,3279,3279,3276,3278,3279,3280,3281,3280,3280,3280,3280,3279
T,3533,2,0,-11126,191,421,0,0,5,524,-5,740,0,0,0,0
C,3280,3281,3282,3276,3279,3279,3276,3278,3279,3280,3281,3280,3280,3280,3280,3279
T,3534,1,0,7438,191,421,0,0,5,524,-5,740,0,0,0,0
C,3280,3281,3282,3277,3279,3279,3276,3278,3279,3280,3281,3280,3280,3280,3280,3279
T,3535,1,0,30105,193,421,0,0,5,524,-5,740,0,0,0,0
C,3280,3281,3282,3277,3279,3279,3276,3278,3279,3280,3281,3280,3280,3280,3280,3279
T,3536,2,0,9072,194,421,0,0,5,524,-4,740,0,0,0,0
C,3280,3281,3282,3277,3279,3279,3276,3278,3279,3280,3281,3280,3280,3280,3280,3279
T,3537,3,0,-8465,192,421,0,0,5,524,-4,740,0,0,0,0
C,3279,3281,3282,3276,3280,3280,3276,3278,3279,3280,3281,3280,3280,3280,3280,3279
T,3538,2,0,14974,192,421,0,0,5,524,-4,740,0,0,0,0
C,3279,3281,3282,3276,3280,3280,3276,3278,3279,3280,3281,3280,3280,3280,3280,3279
T,3539,2,0,13300,193,421,0,0,5,524,-4,740,0,0,0,0
C,3279,3281,3282,3276,3280,3280,3276,3278,3279,3280,3281,3280,3280,3280,3280,3279
T,3540,3,0,-6194,193,421,0,0,5,524,-3,740,0,0,0,0
C,3279,3281,3282,3276,3280,3280,3276,3278,3279,3280,3281,3280,3280,3280,3280,3279
T,3541,2,0,-7013,195,421,0,0,5,524,-3,740,0,0,0,0
C,3279,3281,3282,3276,3279,3279,3276,3278,3279,3280,3281,3280,3280,3280,3280,3279
T,3542,3,0,-22088,195,421,0,0,5,524,-3,740,0,0,0,0
C,3279,3281,3282,3276,3279,3279,3276,3278,3279,3280,3281,3280,3280,3280,3280,3279
T,3543,2,0,-31030,195,421,0,0,5,524,-4,740,0,0,0,0
C,3279,3281,3282,3276,3279,3279,3276,3278,3279,3280,3281,3280,3280,3280,3280,3279
T,3544,4,0,31077,195,421,0,0,5,524,-4,740,0,0,0,0
C,3279,3281,3282,3276,3279,3279,3276,3278,3279,3280,3281,3280,3280,3280,3280,3278
T,3545,2,0,-24691,194,421,0,0,5,524,-4,740,0,0,0,0
C,3279,3281,3282,3276,3279,3279,3276,3278,3279,3280,3281,3280,3280,3280,3280,3278
T,3546,3,0,10444,193,421,0,0,5,524,-4,740,0,0,0,0
C,3279,3281,3282,3276,3279,3279,3276,3278,3279,3280,3281,3280,3280,3280,3280,3278
T,3547,2,0,25760,192,421,0,0,5,524,-4,740,0,0,0,0
C,3279,3281,3282,3276,3279,3279,3276,3278,3279,3280,3281,3280,3280,3281,3280,3278
T,3548,2,0,1718,191,421,0,0,5,524,-4,740,0,0,0,0
C,3279,3281,3282,3276,3279,3279,3276,3278,3279,3280,3281,3280,3280,3281,3280,3278
T,3549,1,0,-13702,190,421,0,0,5,524,-5,740,0,0,0,0
C,3279,3281,3282,3276,3279,3279,3276,3278,3279,3280,3281,3280,3280,3281,3280,3278
T,3550,3,0,-3419,190,421,0,0,5,524,-5,740,0,0,0,0
C,3280,3281,3282,3277,3279,3279,3276,3278,3279,3280,3281,3280,3280,3280,3280,3278
T,3551,2,0,-3589,190,421,0,0,5,524,-5,740,0,0,0,0
C,3280,3281,3282,3277,3279,3279,3276,3278,3279,3280,3281,3280,3280,3280,3280,3278
T,3552,2,0,14029,191,421,0,0,5,524,-5,740,0,0,0,0
T,3553,3,0,13014,191,421,0,0,5,524,-5,740,0,0,0,0
C,3279,3281,3282,3277,3279,3279,3276,3278,3279,3280,3281,3280,3280,3280,3280,3278
T,3554,3,0,-23702,191,421,0,0,5,524,-5,740,0,0,0,0
C,3279,3281,3282,3277,3279,3279,3276,3278,3279,3280,3281,3280,3280,3280,3280,3278
T,3555,3,0,23012,189,421,0,0,5,524,-4,740,0,0,0,0
C,3279,3281,3282,3277,3279,3279,3276,3278,3279,3280,3281,3280,3280,3280,3280,3278
T,3556,1,0,14248,188,421,0,0,5,524,-4,740,0,0,0,0
C,3279,3281,3282,3276,3279,3279,3276,3278,3279,3280,3281,3281,3280,3280,3280,3279
T,3557,1,0,5976,188,421,0,0,5,524,-4,740,0,0,0,0
C,3279,3281,3282,3276,3279,3279,3276,3278,3279,3280,3281,3281,3280,3280,3280,3279
T,3558,0,0,-20384,187,421,0,0,5,524,-5,740,0,0,0,0
C,3279,3281,3282,3276,3279,3279,3276,3278,3279,3280,3281,3281,3280,3280,3280,3279
T,3559,3,0,-16484,185,421,0,0,5,524,-5,740,0,0,0,0
C,3279,3281,3282,3276,3279,3279,3276,3278,3279,3280,3281,3281,3280,3280,3280,3279
T,3560,2,0,-18018,186,421,0,0,5,524,-5,740,0,0,0,0
C,3279,3281,3282,3276,3279,3279,3276,3278,3279,3280,3281,3281,3280,3280,3280,3279
T,3561,3,0,25294,186,422,0,0,5,524,-6,740,0,0,0,0
C,3279,3281,3282,3276,3279,3279,3276,3278,3279,3280,3281,3281,3280,3280,3280,3279
T,3562,2,0,-31132,186,421,0,0,5,524,-6,740,0,0,0,0
C,3279,3281,3282,3277,3279,3279,3276,3278,3279,3280,3281,3281,3280,3280,3280,3279
T,3563,1,0,5428,188,421,0,0,5,524,-6,740,0,0,0,0
C,3279,3281,3282,3277,3279,3279,3276,3278,3279,3280,3281,3281,3280,3280,3280,3279
T,3564,1,0,-12946,186,421,0,0,5,524,-5,740,0,0,0,0
C,3279,3281,3282,3277,3279,3279,3276,3278,3279,3280,3281,3281,3280,3280,3280,3279
T,3565,3,0,20502,185,421,0,0,5,524,-5,740,0,0,0,0
C,3279,3281,3282,3276,3279,3279,3276,3278,3279,3280,3281,3280,3280,3281,3280,3279
T,3566,1,0,18967,184,421,0,0,5,524,-5,740,0,0,0,0
C,3279,3281,3282,3276,3279,3279,3276,3278,3279,3280,3281,3280,3280,3281,3280,3279
T,3567,2,0,10780,185,421,0,0,5,524,-5,740,0,0,0,0
C,3279,3281,3282,3276,3279,3279,3276,3278,3279,3280,3281,3280,3280,3281,3280,3279
T,3568,1,0,30212,185,421,0,0,5,524,-5,740,0,0,0,0
C,3280,3281,3282,3276,3279,3280,3276,3278,3279,3280,3281,3280,3280,3281,3280,3279
T,3569,2,0,-3460,183,421,0,0,5,524,-5,740,0,0,0,0
C,3280,3281,3282,3276,3279,3280,3276,3278,3279,3280,3281,3280,3280,3281,3280,3279
T,3570,2,0,6336,185,421,0,0,5,524,-6,740,0,0,0,0
C,3280,3281,3282,3276,3279,3280,3276,3278,3279,3280,3281,3280,3280,3281,3280,3279
T,3571,3,0,-15585,185,421,0,0,5,524,-6,740,0,0,0,0
C,3279,3280,3282,3276,3279,3279,3276,3278,3279,3280,3281,3280,3280,3280,3280,3279
T,3572,1,0,-9296,185,421,0,0,5,524,-6,740,0,0,0,0
C,3279,3280,3282,3276,3279,3279,3276,3278,3279,3280,3281,3280,3280,3280,3280,3279
T,3573,1,0,6671,185,421,0,0,5,524,-5,740,0,0,0,0
C,3279,3280,3282,3276,3279,3279,3276,3278,3279,3280,3281,3280,3280,3280,3280,3279
T,3574,1,0,-9195,185,421,0,0,5,524,-5,740,0,0,0,0
C,3279,3280,3282,3276,3279,3279,3276,3278,3279,3280,3281,3280,3280,3280,3280,3279
T,3575,1,0,-20174,186,421,0,0,5,524,-5,740,0,0,0,0
C,3279,3280,3282,3276,3279,3279,3276,3278,3279,3280,3281,3280,3280,3280,3280,3279
T,3576,1,0,17201,187,421,0,0,5,524,-4,740,0,0,0,0
C,3279,3280,3282,3276,3279,3279,3276,3278,3279,3280,3281,3280,3280,3280,3280,3279
T,3577,4,0,29680,187,421,0,0,5,524,-4,740,0,0,0,0
C,3280,3281,3282,3276,3279,3280,3276,3278,3279,3280,3281,3280,3280,3280,3280,3279
T,3578,2,0,-1118,186,422,0,0,5,524,-4,740,0,0,0,0
C,3280,3281,3282,3276,3279,3280,3276,3278,3279,3280,3281,3280,3280,3280,3280,3279
T,3579,2,0,18272,185,422,0,0,5,524,-5,740,0,0,0,0
C,3280,3281,3282,3276,3279,3280,3276,3278,3279,3280,3281,3280,3280,3280,3280,3279
T,3580,3,0,6801,186,421,0,0,5,524,-5,740,0,0,0,0
C,3280,3281,3282,3276,3279,3279,3276,3278,3279,3280,3281,3280,3280,3280,3280,3279
T,3581,3,0,-31688,187,421,0,0,5,524,-5,740,0,0,0,0
C,3280,3281,3282,3276,3279,3279,3276,3278,3279,3280,3281,3280,3280,3280,3280,3279
T,3582,1,0,-11514,186,421,0,0,5,524,-5,740,0,0,0,0
C,3280,3281,3282,3276,3279,3279,3276,3278,3279,3280,3281,3280,3280,3280,3280,3279
T,3583,2,0,-22958,187,421,0,0,5,524,-5,740,0,0,0,0
C,3280,3281,3282,3277,3279,3279,3276,3278,3279,3280,3281,3281,3280,3280,3280,3279
T,3584,2,0,-1432,188,421,0,0,5,524,-5,740,0,0,0,0
C,3280,3281,3282,3277,3279,3279,3276,3278,3279,3280,3281,3281,3280,3280,3280,3279
T,3585,2,0,12332,189,421,0,0,5,524,-5,740,0,0,0,0
C,3280,3281,3282,3277,3279,3279,3276,3278,3279,3280,3281,3281,3280,3280,3280,3279
T,3586,2,0,17736,189,421,0,0,5,524,-5,740,0,0,0,0
C,3280,3281,3282,3277,3280,3279,3276,3278,3279,3280,3281,3280,3280,3280,3280,3279
T,3587,1,0,20984,190,421,0,0,5,524,-5,740,0,0,0,0
T,3588,1,0,-20881,189,421,0,0,5,524,-5,740,0,0,0,0
T,3589,1,0,-26298,188,421,0,0,5,524,-5,740,0,0,0,0
C,3280,3281,3282,3277,3280,3279,3276,3278,3279,3280,3281,3280,3280,3280,3280,3279
T,3590,2,0,9967,190,421,0,0,5,524,-5,740,0,0,0,0
C,3280,3281,3282,3277,3279,3279,3276,3278,3279,3280,3281,3280,3280,3280,3280,3279
T,3591,1,0,-1626,190,421,0,0,5,524,-5,740,0,0,0,0
C,3280,3281,3282,3277,3279,3279,3276,3278,3279,3280,3281,3280,3280,3280,3280,3279
T,3592,1,0,-22469,189,421,0,0,5,524,-5,740,0,0,0,0
C,3280,3281,3282,3277,3279,3279,3276,3278,3279,3280,3281,3280,3280,3280,3280,3279
T,3593,1,0,19872,190,421,0,0,5,524,-5,740,0,0,0,0
C,3280,3280,3282,3277,3279,3279,3276,3278,3279,3280,3281,3280,3280,3281,3280,3279
T,3594,2,0,5864,188,421,0,0,5,524,-5,740,0,0,0,0
C,3280,3280,3282,3277,3279,3279,3276,3278,3279,3280,3281,3280,3280,3281,3280,3279
T,3595,1,0,6180,189,421,0,0,5,524,-5,740,0,0,0,0
C,3280,3280,3282,3277,3279,3279,3276,3278,3279,3280,3281,3280,3280,3281,3280,3279
T,3596,1,0,31389,190,422,0,0,5,524,-5,740,0,0,0,0
C,3280,3280,3282,3277,3279,3279,3276,3278,3279,3280,3281,3280,3280,3281,3280,3279
T,3597,2,0,4804,191,421,0,0,5,524,-5,740,0,0,0,0
C,3280,3280,3282,3277,3279,3279,3276,3278,3279,3280,3281,3280,3280,3281,3280,3279
T,3598,3,0,-17198,187,421,0,0,5,524,-5,740,0,0,0,0
C,3280,3280,3282,3277,3279,3279,3276,3278,3279,3280,3281,3280,3280,3281,3280,3279
T,3599,2,0,32718,187,421,0,0,5,524,-5,740,0,0,0,0
C,3280,3281,3282,3277,3279,3279,3276,3278,3279,3280,3281,3280,3280,3280,3280,3279
T,3600,1,0,7271,188,421,0,0,5,524,-5,740,0,0,0,0
C,3280,3281,3282,3277,3279,3279,3276,3278,3279,3280,3281,3280,3280,3280,3280,3279
T,3601,2,0,-20754,189,421,0,0,5,524,-6,740,0,0,0,0
C,3280,3281,3282,3277,3279,3279,3276,3278,3279,3280,3281,3280,3280,3280,3280,3279
T,3602,3,0,-12392,190,421,0,0,5,524,-6,740,0,0,0,0
C,3280,3281,3282,3277,3279,3279,3276,3278,3279,3280,3281,3280,3280,3280,3280,3279
T,3603,2,0,30383,191,421,0,0,5,524,-6,740,0,0,0,0
C,3280,3281,3282,3277,3279,3279,3276,3278,3279,3280,3281,3280,3280,3280,3280,3279
T,3604,2,0,23460,191,421,0,0,5,524,-6,740,0,0,0,0
C,3280,3281,3282,3277,3279,3279,3276,3278,3279,3280,3281,3280,3280,3280,3280,3279
T,3605,2,0,-16998,189,421,0,0,5,524,-6,740,0,0,0,0
C,3280,3281,3282,3277,3279,3279,3276,3278,3279,3280,3281,3280,3280,3280,3280,3279
T,3606,2,0,28178,189,421,0,0,5,524,-6,740,0,0,0,0
C,3280,3281,3282,3277,3279,3279,3276,3278,3279,3280,3281,3280,3280,3280,3280,3279
T,3607,1,0,-3716,188,421,0,0,5,524,-4,740,0,0,0,0
C,3280,3281,3282,3277,3279,3279,3276,3278,3279,3280,3281,3280,3280,3280,3280,3279
T,3608,2,0,-110,187,421,0,0,5,524,-4,740,0,0,0,0
C,3280,3281,3282,3276,3279,3279,3276,3278,3279,3280,3281,3280,3280,3280,3280,3279
T,3609,2,0,-16116,188,421,0,0,5,524,-4,740,0,0,0,0
C,3280,3281,3282,3276,3279,3279,3276,3278,3279,3280,3281,3280,3280,3280,3280,3279
T,3610,3,0,-4416,189,421,0,0,5,524,-5,740,0,0,0,0
C,3280,3281,3282,3276,3279,3279,3276,3278,3279,3280,3281,3280,3280,3280,3280,3279
T,3611,3,0,-293,188,421,0,0,5,524,-5,740,0,0,0,0
C,3280,3280,3282,3276,3279,3279,3276,3278,3279,3280,3281,3280,3280,3280,3280,3279
T,3612,3,0,-31328,187,421,0,0,5,524,-5,740,0,0,0,0
C,3280,3280,3282,3276,3279,3279,3276,3278,3279,3280,3281,3280,3280,3280,3280,3279
T,3613,2,0,23906,188,421,0,0,5,524,-6,740,0,0,0,0
C,3280,3280,3282,3276,3279,3279,3276,3278,3279,3280,3281,3280,3280,3280,3280,3279
T,3614,1,0,30292,190,421,0,0,5,524,-6,740,0,0,0,0
C,3279,3280,3282,3277,3279,3279,3276,3278,3279,3280,3281,3280,3280,3280,3280,3279
T,3615,2,0,-15780,190,421,0,0,5,524,-6,740,0,0,0,0
C,3279,3280,3282,3277,3279,3279,3276,3278,3279,3280,3281,3280,3280,3280,3280,3279
T,3616,2,0,-25556,191,421,0,0,5,524,-6,740,0,0,0,0
C,3279,3280,3282,3277,3279,3279,3276,3278,3279,3280,3281,3280,3280,3280,3280,3279
T,3617,2,0,-7040,190,421,0,0,5,524,-6,740,0,0,0,0
C,3279,3281,3282,3277,3280,3279,3276,3278,3279,3280,3281,3280,3280,3280,3280,3279
T,3618,4,0,9232,191,421,0,0,5,524,-6,740,0,0,0,0
C,3279,3281,3282,3277,3280,3279,3276,3278,3279,3280,3281,3280,3280,3280,3280,3279
T,3619,2,0,-19866,190,421,0,0,5,524,-6,740,0,0,0,0
C,3279,3281,3282,3277,3280,3279,3276,3278,3279,3280,3281,3280,3280,3280,3280,3279
T,3620,3,0,6738,189,421,0,0,5,524,-6,740,0,0,0,0
C,3280,3281,3282,3277,3279,3279,3276,3278,3279,3280,3281,3280,3279,3280,3280,3279
T,3621,3,0,29767,189,421,0,0,5,524,-6,740,0,0,0,0
C,3280,3281,3282,3277,3279,3279,3276,3278,3279,3280,3281,3280,3279,3280,3280,3279
T,3622,3,0,-29434,189,421,0,0,5,524,-5,740,0,0,0,0
C,3280,3281,3282,3277,3279,3279,3276,3278,3279,3280,3281,3280,3279,3280,3280,3279
T,3623,1,0,-16428,188,421,0,0,5,524,-5,740,0,0,0,0
C,3280,3281,3282,3277,3279,3279,3276,3278,3279,3280,3281,3280,3279,3280,3280,3279
T,3624,3,0,6118,187,421,0,0,5,524,-5,740,0,0,0,0
C,3280,3281,3282,3277,3279,3279,3276,3278,3279,3280,3281,3280,3279,3280,3280,3279
T,3625,1,0,-4300,187,421,0,0,5,524,-4,740,0,0,0,0
C,3280,3281,3282,3277,3279,3279,3276,3278,3279,3280,3281,3280,3279,3280,3280,3279
T,3626,1,0,-28810,189,421,0,0,5,524,-4,740,0,0,0,0
C,3280,3280,3282,3277,3279,3279,3276,3278,3279,3280,3281,3280,3280,3280,3280,3279
T,3627,1,0,13797,189,421,0,0,5,524,-4,740,0,0,0,0
C,3280,3280,3282,3277,3279,3279,3276,3278,3279,3280,3281,3280,3280,3280,3280,3279
T,3628,2,0,-32630,191,422,0,0,5,524,-4,740,0,0,0,0
C,3280,3280,3282,3277,3279,3279,3276,3278,3279,3280,3281,3280,3280,3280,3280,3279
T,3629,2,0,-29543,192,421,0,0,5,524,-4,740,0,0,0,0
C,3280,3280,3282,3277,3279,3279,3276,3278,3279,3280,3281,3280,3280,3280,3280,3279
T,3630,1,0,28248,192,421,0,0,5,524,-4,740,0,0,0,0
C,3280,3280,3282,3277,3279,3279,3276,3278,3279,3280,3281,3280,3280,3280,3280,3279
T,3631,2,0,-17962,190,421,0,0,5,524,-3,740,0,0,0,0
C,3280,3280,3282,3277,3279,3279,3276,3278,3279,3280,3281,3280,3280,3280,3280,3279
T,3632,3,0,-19754,191,421,0,0,5,524,-3,740,0,0,0,0
C,3280,3281,3282,3277,3280,3280,3276,3278,3279,3280,3281,3280,3280,3280,3280,3279
T,3633,2,0,26112,192,421,0,0,5,524,-3,740,0,0,0,0
C,3280,3281,3282,3277,3280,3280,3276,3278,3279,3280,3281,3280,3280,3280,3280,3279
T,3634,2,0,-25783,190,421,0,0,5,524,-4,740,0,0,0,0
C,3280,3281,3282,3277,3280,3280,3276,3278,3279,3280,3281,3280,3280,3280,3280,3279
T,3635,1,0,-29946,188,421,0,0,5,524,-4,740,0,0,0,0
C,3280,3281,3282,3277,3280,3280,3276,3278,3279,3280,3281,3280,3280,3281,3280,3279
T,3636,1,0,29114,187,421,0,0,5,524,-4,740,0,0,0,0
C,3280,3281,3282,3277,3280,3280,3276,3278,3279,3280,3281,3280,3280,3281,3280,3279
T,3637,2,0,30742,187,421,0,0,5,524,-5,740,0,0,0,0
C,3280,3281,3282,3277,3280,3280,3276,3278,3279,3280,3281,3280,3280,3281,3280,3279
T,3638,3,0,6832,188,421,0,0,5,524,-5,740,0,0,0,0
C,3279,3281,3282,3277,3279,3279,3276,3278,3279,3280,3281,3281,3280,3280,3280,3279
T,3639,3,0,15283,188,422,0,0,5,524,-5,740,0,0,0,0
C,3279,3281,3282,3277,3279,3279,3276,3278,3279,3280,3281,3281,3280,3280,3280,3279
T,3640,2,0,-18595,188,421,0,0,5,524,-6,740,0,0,0,0
C,3279,3281,3282,3277,3279,3279,3276,3278,3279,3280,3281,3281,3280,3280,3280,3279
T,3641,1,0,-24140,189,421,0,0,5,524,-6,740,0,0,0,0
C,3279,3281,3282,3277,3279,3279,3276,3278,3279,3280,3281,3280,3280,3280,3280,3279
T,3642,1,0,-14121,188,421,0,0,5,524,-6,740,0,0,0,0
C,3279,3281,3282,3277,3279,3279,3276,3278,3279,3280,3281,3280,3280,3280,3280,3279
T,3643,3,0,-30292,189,421,0,0,5,524,-6,740,0,0,0,0
C,3279,3281,3282,3277,3279,3279,3276,3278,3279,3280,3281,3280,3280,3280,3280,3279
T,3644,3,0,-27499,189,421,0,0,5,524,-6,740,0,0,0,0
C,3279,3281,3282,3277,3279,3279,3276,3278,3279,3280,3281,3280,3280,3280,3280,3279
T,3645,2,0,17098,188,421,0,0,5,524,-6,740,0,0,0,0
C,3279,3281,3282,3277,3279,3279,3276,3278,3279,3280,3281,3280,3280,3280,3280,3279
T,3646,2,0,1182,188,421,0,0,5,524,-5,740,0,0,0,0
C,3279,3281,3282,3277,3279,3279,3276,3278,3279,3280,3281,3280,3280,3280,3280,3279
T,3647,1,0,-12550,186,421,0,0,5,524,-5,740,0,0,0,0
C,3279,3281,3282,3277,3279,3279,3276,3278,3279,3280,3281,3280,3280,3280,3280,3279
T,3648,2,0,-29804,186,421,0,0,5,524,-5,740,0,0,0,0
C,3279,3281,3282,3277,3279,3279,3276,3278,3279,3280,3281,3280,3280,3280,3280,3279
T,3649,3,0,26006,188,422,0,0,5,524,-4,740,0,0,0,0
C,3279,3281,3282,3277,3279,3279,3276,3278,3279,3280,3281,3280,3280,3280,3280,3279
T,3650,3,0,8710,189,421,0,0,5,524,-4,740,0,0,0,0
C,3279,3281,3282,3277,3279,3279,3276,3278,3279,3280,3281,3280,3280,3280,3280,3279
T,3651,2,0,19332,190,421,0,0,5,524,-4,740,0,0,0,0
C,3279,3281,3282,3277,3279,3279,3276,3278,3279,3280,3281,3280,3280,3280,3280,3279
T,3652,2,0,26474,190,421,0,0,5,524,-5,740,0,0,0,0
C,3279,3281,3282,3277,3279,3279,3276,3278,3279,3280,3281,3280,3280,3280,3280,3279
T,3653,2,0,-206,188,421,0,0,5,524,-5,740,0,0,0,0
C,3279,3281,3282,3277,3279,3279,3276,3278,3279,3280,3281,3280,3280,3280,3280,3279
T,3654,1,0,27066,189,421,0,0,5,524,-5,740,0,0,0,0
C,3279,3281,3282,3277,3279,3279,3276,3278,3279,3280,3281,3280,3280,3280,3280,3279
T,3655,2,0,22405,191,421,0,0,5,524,-4,740,0,0,0,0
C,3279,3281,3282,3277,3279,3279,3276,3278,3279,3280,3281,3280,3280,3280,3280,3279
T,3656,2,0,20708,189,421,0,0,5,524,-4,740,0,0,0,0
C,3279,3281,3282,3277,3279,3279,3276,3278,3279,3280,3281,3280,3280,3280,3280,3279
T,3657,3,0,29184,190,421,0,0,5,524,-4,740,0,0,0,0
C,3279,3281,3282,3277,3279,3279,3276,3278,3279,3280,3281,3280,3280,3280,3280,3279
T,3658,2,0,32284,188,421,0,0,5,524,-3,740,0,0,0,0
C,3279,3281,3282,3277,3279,3279,3276,3278,3279,3280,3281,3280,3280,3280,3280,3279
T,3659,1,0,12640,188,421,0,0,5,524,-3,740,0,0,0,0
C,3280,3280,3282,3277,3279,3280,3276,3278,3279,3280,3281,3280,3280,3280,3280,3279
T,3660,1,0,-15336,189,422,0,0,5,524,-3,740,0,0,0,0
C,3280,3280,3282,3277,3279,3280,3276,3278,3279,3280,3281,3280,3280,3280,3280,3279
T,3661,2,0,-15997,191,421,0,0,5,524,-5,740,0,0,0,0
C,3280,3280,3282,3277,3279,3280,3276,3278,3279,3280,3281,3280,3280,3280,3280,3279
T,3662,3,0,-12908,191,421,0,0,5,524,-5,740,0,0,0,0
C,3280,3280,3282,3277,3279,3280,3276,3278,3279,3280,3281,3280,3280,3280,3280,3279
T,3663,3,0,28754,189,421,0,0,5,524,-5,740,0,0,0,0
C,3280,3280,3282,3277,3279,3280,3276,3278,3279,3280,3281,3280,3280,3280,3280,3279
T,3664,3,0,-7750,188,421,0,0,5,524,-5,740,0,0,0,0
C,3280,3280,3282,3277,3279,3280,3276,3278,3279,3280,3281,3280,3280,3280,3280,3279
T,3665,2,0,22618,190,421,0,0,5,524,-5,740,0,0,0,0
C,3279,3280,3282,3276,3280,3280,3276,3278,3279,3280,3281,3280,3280,3280,3280,3279
T,3666,1,0,-26207,190,421,0,0,5,524,-5,740,0,0,0,0
C,3279,3280,3282,3276,3280,3280,3276,3278,3279,3280,3281,3280,3280,3280,3280,3279
T,3667,2,0,-2007,189,421,0,0,5,524,-4,740,0,0,0,0
C,3279,3280,3282,3276,3280,3280,3276,3278,3279,3280,3281,3280,3280,3280,3280,3279
T,3668,1,0,4296,189,421,0,0,5,524,-4,740,0,0,0,0
C,3279,3280,3282,3276,3279,3280,3276,3278,3279,3280,3281,3280,3280,3280,3280,3279
T,3669,3,0,28960,187,421,0,0,5,524,-4,740,0,0,0,0
C,3279,3280,3282,3276,3279,3280,3276,3278,3279,3280,3281,3280,3280,3280,3280,3279
T,3670,1,0,11753,186,421,0,0,5,524,-4,740,0,0,0,0
C,3279,3280,3282,3276,3279,3280,3276,3278,3279,3280,3281,3280,3280,3280,3280,3279
T,3671,1,0,9276,186,421,0,0,5,524,-4,740,0,0,0,0
C,3280,3280,3282,3276,3279,3280,3276,3278,3279,3280,3281,3280,3280,3280,3280,3279
T,3672,2,0,-28522,187,421,0,0,5,524,-4,740,0,0,0,0
C,3280,3280,3282,3276,3279,3280,3276,3278,3279,3280,3281,3280,3280,3280,3280,3279
T,3673,2,0,-8478,186,421,0,0,5,524,-4,740,0,0,0,0
C,3280,3280,3282,3276,3279,3280,3276,3278,3279,3280,3281,3280,3280,3280,3280,3279
T,3674,3,0,-12887,185,422,0,0,5,524,-4,740,0,0,0,0
C,3279,3281,3282,3276,3279,3280,3276,3278,3279,3280,3281,3280,3280,3280,3280,3279
T,3675,3,0,13170,186,421,0,0,5,524,-4,740,0,0,0,0
C,3279,3281,3282,3276,3279,3280,3276,3278,3279,3280,3281,3280,3280,3280,3280,3279
T,3676,3,0,-22812,187,421,0,0,5,524,-5,740,0,0,0,0
C,3279,3281,3282,3276,3279,3280,3276,3278,3279,3280,3281,3280,3280,3280,3280,3279
T,3677,1,0,1677,188,421,0,0,5,524,-5,740,0,0,0,0
C,3279,3280,3282,3276,3279,3280,3276,3278,3279,3280,3281,3280,3280,3280,3280,3279
T,3678,0,0,25315,190,421,0,0,5,524,-5,740,0,0,0,0
C,3279,3280,3282,3276,3279,3280,3276,3278,3279,3280,3281,3280,3280,3280,3280,3279
T,3679,2,0,-32410,191,421,0,0,5,524,-5,740,0,0,0,0
C,3279,3280,3282,3276,3279,3280,3276,3278,3279,3280,3281,3280,3280,3280,3280,3279
T,3680,2,0,-16327,191,421,0,0,5,524,-5,740,0,0,0,0
C,3279,3280,3282,3276,3279,3280,3276,3278,3279,3280,3281,3280,3280,3280,3280,3279
T,3681,2,0,28367,191,421,0,0,5,524,-5,740,0,0,0,0
C,3279,3280,3282,3276,3279,3280,3276,3278,3279,3280,3281,3280,3280,3280,3280,3279
T,3682,2,0,24410,191,421,0,0,5,524,-5,740,0,0,0,0
C,3279,3280,3282,3276,3279,3280,3276,3278,3279,3280,3281,3280,3280,3280,3280,3279
T,3683,2,0,-136,191,421,0,0,5,524,-4,740,0,0,0,0
C,3279,3280,3282,3276,3279,3280,3276,3278,3279,3280,3281,3280,3280,3280,3280,3279
T,3684,1,0,-22946,191,421,0,0,5,524,-4,740,0,0,0,0
C,3279,3281,3282,3276,3279,3280,3276,3278,3279,3280,3281,3281,3280,3280,3280,3279
T,3685,2,0,30214,190,421,0,0,5,524,-4,740,0,0,0,0
C,3279,3281,3282,3276,3279,3280,3276,3278,3279,3280,3281,3281,3280,3280,3280,3279
T,3686,1,0,6110,190,421,0,0,5,524,-4,740,0,0,0,0
T,3687,3,0,-25762,192,421,0,0,5,524,-4,740,0,0,0,0
T,3688,2,0,-29516,191,421,0,0,5,524,-4,740,0,0,0,0
C,3279,3281,3282,3276,3279,3280,3276,3278,3279,3280,3281,3280,3280,3280,3280,3279
T,3689,2,0,-22482,191,421,0,0,5,524,-4,740,0,0,0,0
C,3279,3281,3282,3276,3279,3280,3276,3278,3279,3280,3281,3280,3280,3280,3280,3279
T,3690,3,0,-28654,193,421,0,0,5,524,-4,740,0,0,0,0
C,3279,3281,3282,3277,3279,3279,3276,3278,3279,3280,3281,3280,3280,3281,3280,3279
T,3691,2,0,-6248,191,421,0,0,5,524,-4,740,0,0,0,0
C,3279,3281,3282,3277,3279,3279,3276,3278,3279,3280,3281,3280,3280,3281,3280,3279
T,3692,2,0,12660,190,421,0,0,5,524,-5,740,0,0,0,0
C,3279,3281,3282,3277,3279,3279,3276,3278,3279,3280,3281,3280,3280,3281,3280,3279
T,3693,2,0,7556,191,422,0,0,5,524,-5,740,0,0,0,0
T,3694,2,0,-21512,190,421,0,0,5,524,-5,740,0,0,0,0
C,3280,3281,3282,3277,3279,3279,3276,3278,3279,3280,3281,3280,3280,3281,3280,3279
T,3695,3,0,30138,191,421,0,0,5,524,-5,740,0,0,0,0
C,3280,3281,3282,3277,3279,3279,3276,3278,3279,3280,3281,3280,3280,3281,3280,3279
T,3696,2,0,-18675,191,421,0,0,5,524,-5,740,0,0,0,0
C,3279,3281,3282,3277,3279,3279,3276,3278,3279,3280,3281,3280,3280,3281,3280,3279
T,3697,1,0,17760,191,421,0,0,5,524,-5,740,0,0,0,0
C,3279,3281,3282,3277,3279,3279,3276,3278,3279,3280,3281,3280,3280,3281,3280,3279
T,3698,1,0,31380,190,421,0,0,5,524,-5,740,0,0,0,0
C,3279,3281,3282,3277,3279,3279,3276,3278,3279,3280,3281,3280,3280,3281,3280,3279
T,3699,1,0,-27027,190,422,0,0,5,524,-5,740,0,0,0,0
C,3279,3281,3282,3277,3280,3279,3276,3278,3279,3280,3281,3281,3280,3281,3280,3279
T,3700,4,0,-28148,189,421,0,0,5,524,-5,740,0,0,0,0
C,3279,3281,3282,3277,3280,3279,3276,3278,3279,3280,3281,3281,3280,3281,3280,3279
T,3701,4,0,-29511,190,421,0,0,5,524,-5,740,0,0,0,0
C,3279,3281,3282,3277,3280,3279,3276,3278,3279,3280,3281,3281,3280,3281,3280,3279
T,3702,1,0,4504,191,421,0,0,5,524,-5,740,0,0,0,0
C,3279,3281,3282,3276,3279,3279,3276,3278,3279,3280,3281,3280,3280,3280,3280,3279
T,3703,2,0,24986,192,421,0,0,5,524,-5,740,0,0,0,0
C,3279,3281,3282,3276,3279,3279,3276,3278,3279,3280,3281,3280,3280,3280,3280,3279
T,3704,1,0,14342,193,421,0,0,5,524,-6,740,0,0,0,0
C,3279,3281,3282,3276,3279,3279,3276,3278,3279,3280,3281,3280,3280,3280,3280,3279
T,3705,1,0,7786,193,421,0,0,5,524,-6,740,0,0,0,0
T,3706,3,0,19323,192,421,0,0,5,524,-6,740,0,0,0,0
T,3707,2,0,7010,191,421,0,0,5,524,-7,740,0,0,0,0
C,3279,3281,3282,3276,3279,3279,3276,3278,3279,3280,3281,3280,3280,3280,3280,3279
T,3708,3,0,-12864,190,421,0,0,5,524,-7,740,0,0,0,0
C,3280,3281,3282,3276,3280,3280,3276,3279,3279,3280,3281,3280,3280,3280,3280,3279
T,3709,2,0,-29002,190,421,0,0,5,524,-7,740,0,0,0,0
C,3280,3281,3282,3276,3280,3280,3276,3279,3279,3280,3281,3280,3280,3280,3280,3279
T,3710,3,0,-23815,190,421,0,0,5,524,-6,740,0,0,0,0
C,3280,3281,3282,3276,3280,3280,3276,3279,3279,3280,3281,3280,3280,3280,3280,3279
T,3711,3,0,-28274,188,421,0,0,5,524,-6,740,0,0,0,0
C,3280,3281,3282,3276,3280,3280,3276,3279,3279,3280,3281,3280,3280,3280,3280,3279
T,3712,3,0,14452,188,421,0,0,5,524,-6,740,0,0,0,0
C,3280,3281,3282,3276,3280,3280,3276,3279,3279,3280,3281,3280,3280,3280,3280,3279
T,3713,2,0,25994,189,422,0,0,5,524,-5,740,0,0,0,0
C,3280,3281,3282,3276,3280,3280,3276,3279,3279,3280,3281,3280,3280,3280,3280,3279
T,3714,3,0,4128,190,421,0,0,5,524,-5,740,0,0,0,0
C,3280,3281,3282,3277,3279,3279,3276,3278,3279,3280,3281,3280,3280,3280,3280,3279
T,3715,3,0,8174,188,421,0,0,5,524,-5,740,0,0,0,0
C,3280,3281,3282,3277,3279,3279,3276,3278,3279,3280,3281,3280,3280,3280,3280,3279
T,3716,4,0,-3044,189,421,0,0,5,524,-4,740,0,0,0,0
C,3280,3281,3282,3277,3279,3279,3276,3278,3279,3280,3281,3280,3280,3280,3280,3279
T,3717,1,0,28952,191,421,0,0,5,524,-4,740,0,0,0,0
C,3280,3280,3282,3277,3279,3279,3276,3278,3279,3280,3281,3280,3280,3280,3280,3279
T,3718,2,0,-25263,192,421,0,0,5,524,-4,740,0,0,0,0
C,3280,3280,3282,3277,3279,3279,3276,3278,3279,3280,3281,3280,3280,3280,3280,3279
T,3719,2,0,16498,192,421,0,0,5,524,-4,740,0,0,0,0
C,3280,3280,3282,3277,3279,3279,3276,3278,3279,3280,3281,3280,3280,3280,3280,3279
T,3720,4,0,15610,191,421,0,0,5,524,-4,740,0,0,0,0
C,3280,3280,3282,3277,3279,3279,3276,3278,3279,3280,3280,3280,3280,3280,3280,3279
T,3721,2,0,-11760,189,421,0,0,5,524,-4,740,0,0,0,0
C,3280,3280,3282,3277,3279,3279,3276,3278,3279,3280,3280,3280,3280,3280,3280,3279
T,3722,1,0,-13786,189,422,0,0,5,524,-6,740,0,0,0,0
C,3280,3280,3282,3277,3279,3279,3276,3278,3279,3280,3280,3280,3280,3280,3280,3279
T,3723,0,0,10742,190,422,0,0,5,524,-6,740,0,0,0,0
C,3280,3280,3282,3277,3279,3280,3276,3278,3279,3280,3281,3280,3280,3280,3280,3279
T,3724,2,0,-13852,189,421,0,0,5,524,-6,740,0,0,0,0
C,3280,3280,3282,3277,3279,3280,3276,3278,3279,3280,3281,3280,3280,3280,3280,3279
T,3725,2,0,14686,187,421,0,0,5,524,-6,740,0,0,0,0
C,3280,3280,3282,3277,3279,3280,3276,3278,3279,3280,3281,3280,3280,3280,3280,3279
T,3726,3,0,24635,189,421,0,0,5,524,-6,740,0,0,0,0
C,3280,3280,3282,3277,3279,3280,3276,3278,3279,3280,3281,3280,3280,3280,3280,3279
T,3727,3,0,-15205,187,421,0,0,5,524,-6,740,0,0,0,0
C,3280,3280,3282,3277,3279,3280,3276,3278,3279,3280,3281,3280,3280,3280,3280,3279
T,3728,2,0,16364,187,422,0,0,5,524,-5,740,0,0,0,0
C,3280,3280,3282,3277,3279,3280,3276,3278,3279,3280,3281,3280,3280,3280,3280,3279
T,3729,2,0,24174,189,421,0,0,5,524,-5,740,0,0,0,0
C,3279,3281,3282,3277,3279,3280,3276,3278,3279,3280,3281,3280,3280,3280,3280,3279
T,3730,1,0,18012,190,422,0,0,5,524,-5,740,0,0,0,0
C,3279,3281,3282,3277,3279,3280,3276,3278,3279,3280,3281,3280,3280,3280,3280,3279
T,3731,0,0,-21296,189,421,0,0,5,524,-5,740,0,0,0,0
C,3279,3281,3282,3277,3279,3280,3276,3278,3279,3280,3281,3280,3280,3280,3280,3279
T,3732,1,0,-9524,189,421,0,0,5,524,-5,740,0,0,0,0
C,3279,3281,3282,3277,3279,3280,3276,3278,3279,3280,3281,3280,3280,3280,3280,3279
T,3733,0,0,-10210,190,421,0,0,5,524,-5,740,0,0,0,0
C,3279,3281,3282,3277,3279,3280,3276,3278,3279,3280,3281,3280,3280,3280,3280,3279
T,3734,1,0,-20173,191,421,0,0,5,524,-5,740,0,0,0,0
C,3279,3281,3282,3277,3279,3280,3276,3278,3279,3280,3281,3280,3280,3280,3280,3279
T,3735,1,0,24404,191,421,0,0,5,524,-5,740,0,0,0,0
C,3280,3281,3282,3276,3279,3279,3276,3278,3279,3280,3281,3280,3280,3280,3280,3279
T,3736,2,0,8448,191,421,0,0,5,524,-5,740,0,0,0,0
C,3280,3281,3282,3276,3279,3279,3276,3278,3279,3280,3281,3280,3280,3280,3280,3279
T,3737,4,0,-17208,190,421,0,0,5,524,-5,740,0,0,0,0
C,3280,3281,3282,3276,3279,3279,3276,3278,3279,3280,3281,3280,3280,3280,3280,3279
T,3738,3,0,-31344,188,421,0,0,5,524,-5,740,0,0,0,0
C,3280,3281,3282,3276,3279,3279,3276,3278,3279,3280,3281,3280,3280,3280,3280,3279
T,3739,2,0,-19644,188,421,0,0,5,524,-5,740,0,0,0,0
C,3280,3281,3282,3276,3279,3279,3276,3278,3279,3280,3281,3280,3280,3280,3280,3279
T,3740,2,0,-25028,188,421,0,0,5,524,-5,740,0,0,0,0
C,3280,3281,3282,3276,3279,3279,3276,3278,3279,3280,3281,3280,3280,3280,3280,3279
T,3741,2,0,3240,188,421,0,0,5,524,-5,740,0,0,0,0
C,3280,3281,3282,3277,3279,3279,3276,3278,3279,3280,3281,3280,3280,3280,3280,3279
T,3742,1,0,-16562,188,421,0,0,5,524,-5,740,0,0,0,0
C,3280,3281,3282,3277,3279,3279,3276,3278,3279,3280,3281,3280,3280,3280,3280,3279
T,3743,2,0,-31804,187,421,0,0,5,524,-6,740,0,0,0,0
C,3280,3281,3282,3277,3279,3279,3276,3278,3279,3280,3281,3280,3280,3280,3280,3279
T,3744,3,0,24152,189,421,0,0,5,524,-6,740,0,0,0,0
C,3279,3281,3282,3276,3279,3279,3276,3278,3279,3280,3281,3280,3280,3280,3280,3279
T,3745,1,0,-32496,191,421,0,0,5,524,-6,740,0,0,0,0
C,3279,3281,3282,3276,3279,3279,3276,3278,3279,3280,3281,3280,3280,3280,3280,3279
T,3746,2,0,-12414,190,421,0,0,5,524,-6,740,0,0,0,0
C,3279,3281,3282,3276,3279,3279,3276,3278,3279,3280,3281,3280,3280,3280,3280,3279
T,3747,3,0,32584,192,421,0,0,5,524,-6,740,0,0,0,0
C,3279,3280,3282,3276,3279,3280,3276,3278,3279,3280,3281,3281,3280,3281,3280,3279
T,3748,1,0,-18570,191,421,0,0,5,524,-6,740,0,0,0,0
C,3279,3280,3282,3276,3279,3280,3276,3278,3279,3280,3281,3281,3280,3281,3280,3279
T,3749,2,0,30629,191,421,0,0,5,524,-6,740,0,0,0,0
C,3279,3280,3282,3276,3279,3280,3276,3278,3279,3280,3281,3281,3280,3281,3280,3279
T,3750,3,0,-23295,192,422,0,0,5,524,-5,740,0,0,0,0
C,3279,3280,3282,3276,3279,3280,3276,3278,3279,3280,3281,3281,3280,3281,3280,3279
T,3751,2,0,-24481,192,421,0,0,5,524,-5,740,0,0,0,0
C,3279,3280,3282,3277,3279,3280,3276,3278,3279,3280,3281,3281,3280,3281,3280,3279
T,3752,2,0,26602,192,421,0,0,5,524,-5,740,0,0,0,0
C,3279,3280,3282,3277,3279,3280,3276,3278,3279,3280,3281,3281,3280,3281,3280,3279
T,3753,2,0,11895,193,421,0,0,5,524,-4,740,0,0,0,0
C,3279,3280,3282,3277,3279,3280,3276,3278,3279,3280,3281,3281,3280,3281,3280,3279
T,3754,4,0,-31486,192,421,0,0,5,524,-4,740,0,0,0,0
C,3280,3281,3282,3276,3279,3280,3276,3278,3279,3280,3281,3281,3280,3280,3280,3279
T,3755,3,0,5155,194,421,0,0,5,524,-4,740,0,0,0,0
C,3280,3281,3282,3276,3279,3280,3276,3278,3279,3280,3281,3281,3280,3280,3280,3279
T,3756,3,0,-1111,196,421,0,0,5,524,-4,740,0,0,0,0
C,3280,3281,3282,3276,3279,3280,3276,3278,3279,3280,3281,3281,3280,3280,3280,3279
T,3757,3,0,-10203,196,421,0,0,5,524,-4,740,0,0,0,0
C,3280,3281,3282,3276,3279,3279,3276,3278,3279,3280,3281,3281,3280,3280,3280,3279
T,3758,2,0,20750,196,421,0,0,5,524,-4,740,0,0,0,0
C,3280,3281,3282,3276,3279,3279,3276,3278,3279,3280,3281,3281,3280,3280,3280,3279
T,3759,2,0,30738,194,421,0,0,5,524,-4,740,0,0,0,0
C,3280,3281,3282,3276,3279,3279,3276,3278,3279,3280,3281,3281,3280,3280,3280,3279
T,3760,2,0,3546,195,421,0,0,5,524,-4,740,0,0,0,0
C,3280,3281,3282,3277,3279,3279,3276,3278,3279,3280,3281,3281,3280,3280,3280,3279
T,3761,1,0,7633,194,421,0,0,5,524,-4,740,0,0,0,0
C,3280,3281,3282,3277,3279,3279,3276,3278,3279,3280,3281,3281,3280,3280,3280,3279
T,3762,2,0,16419,194,422,0,0,5,524,-4,740,0,0,0,0
C,3280,3281,3282,3277,3279,3279,3276,3278,3279,3280,3281,3281,3280,3280,3280,3279
T,3763,2,0,-23806,193,421,0,0,5,524,-4,740,0,0,0,0
C,3280,3281,3282,3277,3279,3279,3276,3278,3279,3280,3281,3281,3280,3280,3280,3279
T,3764,1,0,26014,192,421,0,0,5,524,-4,740,0,0,0,0
C,3280,3281,3282,3277,3279,3279,3276,3278,3279,3280,3281,3281,3280,3280,3280,3279
T,3765,2,0,1183,194,421,0,0,5,524,-5,740,0,0,0,0
C,3280,3281,3282,3277,3279,3279,3276,3278,3279,3280,3281,3281,3280,3280,3280,3279
T,3766,2,0,-20520,192,421,0,0,5,524,-5,740,0,0,0,0
C,3280,3281,3282,3277,3279,3279,3276,3278,3279,3280,3281,3280,3280,3280,3280,3279
T,3767,2,0,-4514,192,421,0,0,5,524,-5,740,0,0,0,0
C,3280,3281,3282,3277,3279,3279,3276,3278,3279,3280,3281,3280,3280,3280,3280,3279
T,3768,3,0,30974,192,421,0,0,5,524,-4,740,0,0,0,0
C,3280,3281,3282,3277,3279,3279,3276,3278,3279,3280,3281,3280,3280,3280,3280,3279
T,3769,2,0,24231,192,421,0,0,5,524,-4,740,0,0,0,0
C,3280,3281,3282,3277,3279,3279,3276,3278,3279,3280,3281,3280,3280,3280,3280,3279
T,3770,3,0,-7978,192,422,0,0,5,524,-4,740,0,0,0,0
C,3280,3281,3282,3277,3279,3279,3276,3278,3279,3280,3281,3280,3280,3280,3280,3279
T,3771,3,0,-28419,191,422,0,0,5,524,-3,740,0,0,0,0
C,3280,3281,3282,3277,3279,3279,3276,3278,3279,3280,3281,3280,3280,3280,3280,3279
T,3772,3,0,21322,192,422,0,0,5,524,-3,740,0,0,0,0
C,3279,3281,3282,3276,3279,3279,3276,3278,3279,3280,3281,3280,3280,3280,3280,3279
T,3773,2,0,17334,192,421,0,0,5,524,-3,740,0,0,0,0
C,3279,3281,3282,3276,3279,3279,3276,3278,3279,3280,3281,3280,3280,3280,3280,3279
T,3774,2,0,-23799,191,421,0,0,5,524,-4,740,0,0,0,0
C,3279,3281,3282,3276,3279,3279,3276,3278,3279,3280,3281,3280,3280,3280,3280,3279
T,3775,3,0,21370,192,421,0,0,5,524,-4,740,0,0,0,0
C,3279,3281,3282,3276,3279,3279,3276,3278,3279,3280,3281,3281,3280,3280,3280,3279
T,3776,2,0,7907,192,422,0,0,5,524,-4,740,0,0,0,0
C,3279,3281,3282,3276,3279,3279,3276,3278,3279,3280,3281,3281,3280,3280,3280,3279
T,3777,2,0,6528,193,421,0,0,5,524,-5,740,0,0,0,0
C,3279,3281,3282,3276,3279,3279,3276,3278,3279,3280,3281,3281,3280,3280,3280,3279
T,3778,3,0,7311,192,421,0,0,5,524,-5,740,0,0,0,0
C,3280,3281,3282,3277,3279,3279,3276,3278,3279,3280,3281,3281,3280,3280,3280,3279
T,3779,3,0,-8944,191,421,0,0,5,524,-5,740,0,0,0,0
C,3280,3281,3282,3277,3279,3279,3276,3278,3279,3280,3281,3281,3280,3280,3280,3279
T,3780,3,0,2839,190,421,0,0,5,524,-5,740,0,0,0,0
C,3280,3281,3282,3277,3279,3279,3276,3278,3279,3280,3281,3281,3280,3280,3280,3279
T,3781,2,0,-19794,191,421,0,0,5,524,-5,740,0,0,0,0
C,3280,3281,3282,3277,3280,3279,3276,3278,3279,3280,3280,3281,3280,3280,3280,3279
T,3782,2,0,-12512,192,421,0,0,5,524,-5,740,0,0,0,0
C,3280,3281,3282,3277,3280,3279,3276,3278,3279,3280,3280,3281,3280,3280,3280,3279
T,3783,3,0,6092,192,422,0,0,5,524,-7,740,0,0,0,0
C,3280,3281,3282,3277,3280,3279,3276,3278,3279,3280,3280,3281,3280,3280,3280,3279
T,3784,1,0,31296,193,421,0,0,5,524,-7,740,0,0,0,0
C,3280,3281,3282,3277,3279,3279,3276,3278,3279,3280,3280,3281,3280,3280,3280,3279
T,3785,2,0,-18449,192,421,0,0,5,524,-7,740,0,0,0,0
C,3280,3281,3282,3277,3279,3279,3276,3278,3279,3280,3280,3281,3280,3280,3280,3279
T,3786,2,0,-490,190,421,0,0,5,524,-5,740,0,0,0,0
C,3280,3281,3282,3277,3279,3279,3276,3278,3279,3280,3280,3281,3280,3280,3280,3279
T,3787,3,0,11183,191,421,0,0,5,524,-5,740,0,0,0,0
C,3280,3281,3282,3277,3279,3280,3276,3278,3279,3280,3281,3280,3280,3280,3280,3279
T,3788,2,0,-26282,192,421,0,0,5,524,-5,740,0,0,0,0
C,3280,3281,3282,3277,3279,3280,3276,3278,3279,3280,3281,3280,3280,3280,3280,3279
T,3789,3,0,24658,191,421,0,0,5,524,-5,740,0,0,0,0
C,3280,3281,3282,3277,3279,3280,3276,3278,3279,3280,3281,3280,3280,3280,3280,3279
T,3790,1,0,13147,190,421,0,0,5,524,-5,740,0,0,0,0
C,3279,3281,3282,3277,3279,3279,3276,3278,3279,3280,3281,3280,3280,3280,3280,3279
T,3791,1,0,21388,189,421,0,0,5,524,-5,740,0,0,0,0
C,3279,3281,3282,3277,3279,3279,3276,3278,3279,3280,3281,3280,3280,3280,3280,3279
T,3792,3,0,-16888,187,421,0,0,5,524,-4,740,0,0,0,0
C,3279,3281,3282,3277,3279,3279,3276,3278,3279,3280,3281,3280,3280,3280,3280,3279
T,3793,3,0,18082,187,421,0,0,5,524,-4,740,0,0,0,0
C,3279,3280,3282,3276,3279,3279,3276,3278,3279,3280,3280,3280,3280,3280,3280,3279
T,3794,4,0,23256,187,422,0,0,5,524,-4,740,0,0,0,0
C,3279,3280,3282,3276,3279,3279,3276,3278,3279,3280,3280,3280,3280,3280,3280,3279
T,3795,1,0,-10220,187,421,0,0,5,524,-4,740,0,0,0,0
C,3279,3280,3282,3276,3279,3279,3276,3278,3279,3280,3280,3280,3280,3280,3280,3279
T,3796,2,0,-283,187,421,0,0,5,524,-4,740,0,0,0,0
C,3279,3280,3282,3276,3279,3279,3276,3278,3279,3280,3280,3280,3280,3280,3280,3279
T,3797,2,0,5063,186,421,0,0,5,524,-4,740,0,0,0,0
C,3279,3280,3282,3276,3279,3279,3276,3278,3279,3280,3280,3280,3280,3280,3280,3279
T,3798,3,0,-14639,187,421,0,0,5,524,-5,740,0,0,0,0
C,3279,3280,3282,3276,3279,3279,3276,3278,3279,3280,3280,3280,3280,3280,3280,3279
T,3799,3,0,-18106,186,421,0,0,5,524,-5,740,0,0,0,0
C,3279,3280,3282,3276,3279,3279,3276,3278,3279,3280,3280,3280,3280,3280,3280,3279
T,3800,2,0,-30374,186,421,0,0,5,524,-5,740,0,0,0,0
C,3280,3281,3282,3277,3279,3279,3276,3278,3279,3280,3281,3281,3280,3280,3280,3279
T,3801,1,0,31924,188,421,0,0,5,524,-5,740,0,0,0,0
C,3280,3281,3282,3277,3279,3279,3276,3278,3279,3280,3281,3281,3280,3280,3280,3279
T,3802,2,0,14246,189,421,0,0,5,524,-5,740,0,0,0,0
C,3280,3281,3282,3277,3279,3279,3276,3278,3279,3280,3281,3281,3280,3280,3280,3279
T,3803,1,0,-26939,190,421,0,0,5,524,-5,740,0,0,0,0
C,3280,3281,3282,3277,3279,3279,3276,3278,3279,3280,3281,3281,3280,3280,3280,3279
T,3804,1,0,-21416,190,421,0,0,5,524,-5,740,0,0,0,0
C,3280,3281,3282,3277,3279,3279,3276,3278,3279,3280,3281,3281,3280,3280,3280,3279
T,3805,1,0,2020,189,421,0,0,5,524,-4,740,0,0,0,0
C,3280,3281,3282,3277,3279,3279,3276,3278,3279,3280,3281,3281,3280,3280,3280,3279
T,3806,2,0,-13629,189,421,0,0,5,524,-4,740,0,0,0,0
C,3279,3281,3282,3277,3279,3279,3276,3278,3279,3280,3280,3280,3280,3281,3280,3279
T,3807,2,0,-27576,190,421,0,0,5,524,-4,740,0,0,0,0
C,3279,3281,3282,3277,3279,3279,3276,3278,3279,3280,3280,3280,3280,3281,3280,3279
T,3808,2,0,22951,190,421,0,0,5,524,-4,740,0,0,0,0
C,3279,3281,3282,3277,3279,3279,3276,3278,3279,3280,3280,3280,3280,3281,3280,3279
T,3809,4,0,12386,190,421,0,0,5,524,-4,740,0,0,0,0
C,3279,3281,3282,3277,3279,3279,3276,3278,3279,3280,3280,3280,3280,3280,3280,3279
T,3810,3,0,16026,191,421,0,0,5,524,-4,740,0,0,0,0
C,3279,3281,3282,3277,3279,3279,3276,3278,3279,3280,3280,3280,3280,3280,3280,3279
T,3811,2,0,-8494,192,421,0,0,5,524,-5,740,0,0,0,0
C,3279,3281,3282,3277,3279,3279,3276,3278,3279,3280,3280,3280,3280,3280,3280,3279
T,3812,2,0,30694,190,421,0,0,5,524,-5,740,0,0,0,0
C,3280,3281,3282,3277,3279,3280,3276,3278,3279,3280,3280,3280,3280,3280,3280,3279
T,3813,2,0,-23556,190,422,0,0,5,524,-5,740,0,0,0,0
C,3280,3281,3282,3277,3279,3280,3276,3278,3279,3280,3280,3280,3280,3280,3280,3279
T,3814,1,0,-9687,188,421,0,0,5,524,-5,740,0,0,0,0
C,3280,3281,3282,3277,3279,3280,3276,3278,3279,3280,3280,3280,3280,3280,3280,3279
T,3815,1,0,30708,188,421,0,0,5,524,-5,740,0,0,0,0
C,3280,3281,3282,3277,3279,3280,3276,3278,3279,3280,3280,3280,3280,3281,3280,3279
T,3816,2,0,-3538,189,421,0,0,5,524,-5,740,0,0,0,0
C,3280,3281,3282,3277,3279,3280,3276,3278,3279,3280,3280,3280,3280,3281,3280,3279
T,3817,2,0,10370,189,421,0,0,5,524,-4,740,0,0,0,0
C,3280,3281,3282,3277,3279,3280,3276,3278,3279,3280,3280,3280,3280,3281,3280,3279
T,3818,4,0,-28524,188,421,0,0,5,524,-4,740,0,0,0,0
C,3280,3281,3282,3277,3279,3279,3276,3278,3279,3280,3280,3281,3280,3280,3280,3279
T,3819,2,0,-7197,188,422,0,0,5,524,-4,740,0,0,0,0
C,3280,3281,3282,3277,3279,3279,3276,3278,3279,3280,3280,3281,3280,3280,3280,3279
T,3820,3,0,23365,188,421,0,0,5,524,-5,740,0,0,0,0
C,3280,3281,3282,3277,3279,3279,3276,3278,3279,3280,3280,3281,3280,3280,3280,3279
T,3821,3,0,-4788,188,421,0,0,5,524,-5,740,0,0,0,0
C,3280,3281,3282,3277,3279,3279,3276,3278,3279,3280,3281,3280,3280,3280,3280,3279
T,3822,3,0,-14742,187,421,0,0,5,524,-5,740,0,0,0,0
C,3280,3281,3282,3277,3279,3279,3276,3278,3279,3280,3281,3280,3280,3280,3280,3279
T,3823,2,0,26001,187,421,0,0,5,524,-5,740,0,0,0,0
C,3280,3281,3282,3277,3279,3279,3276,3278,3279,3280,3281,3280,3280,3280,3280,3279
T,3824,2,0,-10308,189,421,0,0,5,524,-5,740,0,0,0,0
C,3280,3281,3282,3276,3279,3280,3276,3278,3279,3280,3281,3280,3280,3280,3280,3279
T,3825,1,0,-27734,190,421,0,0,5,524,-5,740,0,0,0,0
C,3280,3281,3282,3276,3279,3280,3276,3278,3279,3280,3281,3280,3280,3280,3280,3279
T,3826,2,0,-13425,190,421,0,0,5,524,-4,740,0,0,0,0
C,3280,3281,3282,3276,3279,3280,3276,3278,3279,3280,3281,3280,3280,3280,3280,3279
T,3827,1,0,-12104,191,421,0,0,5,524,-4,740,0,0,0,0
C,3279,3281,3282,3276,3279,3280,3276,3278,3279,3280,3281,3280,3280,3280,3280,3279
T,3828,2,0,14192,193,421,0,0,5,524,-4,740,0,0,0,0
C,3279,3281,3282,3276,3279,3280,3276,3278,3279,3280,3281,3280,3280,3280,3280,3279
T,3829,1,0,-21059,190,421,0,0,5,524,-5,740,0,0,0,0
C,3279,3281,3282,3276,3279,3280,3276,3278,3279,3280,3281,3280,3280,3280,3280,3279
T,3830,2,0,-8986,189,422,0,0,5,524,-5,740,0,0,0,0
C,3279,3281,3282,3277,3279,3280,3276,3278,3279,3280,3281,3280,3280,3281,3280,3279
T,3831,2,0,-11401,188,421,0,0,5,524,-5,740,0,0,0,0
C,3279,3281,3282,3277,3279,3280,3276,3278,3279,3280,3281,3280,3280,3281,3280,3279
T,3832,3,0,-5620,187,422,0,0,5,524,-4,740,0,0,0,0
C,3279,3281,3282,3277,3279,3280,3276,3278,3279,3280,3281,3280,3280,3281,3280,3279
T,3833,2,0,-14508,187,421,0,0,5,524,-4,740,0,0,0,0
C,3279,3281,3282,3277,3279,3280,3276,3278,3279,3280,3281,3280,3280,3280,3280,3279
T,3834,2,0,6732,187,421,0,0,5,524,-4,740,0,0,0,0
C,3279,3281,3282,3277,3279,3280,3276,3278,3279,3280,3281,3280,3280,3280,3280,3279
T,3835,2,0,-24250,186,421,0,0,5,524,-4,740,0,0,0,0
C,3279,3281,3282,3277,3279,3280,3276,3278,3279,3280,3281,3280,3280,3280,3280,3279
T,3836,1,0,14581,185,421,0,0,5,524,-4,740,0,0,0,0
C,3279,3281,3282,3277,3280,3280,3276,3278,3279,3280,3281,3280,3280,3280,3280,3279
T,3837,3,0,11296,184,422,0,0,5,524,-4,740,0,0,0,0
C,3279,3281,3282,3277,3280,3280,3276,3278,3279,3280,3281,3280,3280,3280,3280,3279
T,3838,3,0,-14960,183,421,0,0,5,524,-6,740,0,0,0,0
C,3279,3281,3282,3277,3280,3280,3276,3278,3279,3280,3281,3280,3280,3280,3280,3279
T,3839,2,0,500,184,421,0,0,5,524,-6,740,0,0,0,0
C,3279,3281,3282,3277,3280,3280,3276,3278,3279,3280,3281,3280,3280,3280,3280,3279
T,3840,2,0,-20465,185,422,0,0,5,524,-6,740,0,0,0,0
C,3279,3281,3282,3277,3280,3280,3276,3278,3279,3280,3281,3280,3280,3280,3280,3279
T,3841,1,0,-13174,186,421,0,0,5,524,-5,740,0,0,0,0
C,3279,3281,3282,3277,3280,3280,3276,3278,3279,3280,3281,3280,3280,3280,3280,3279
T,3842,1,0,20368,186,422,0,0,5,524,-5,740,0,0,0,0
C,3280,3281,3282,3277,3280,3280,3276,3279,3279,3280,3281,3280,3280,3280,3280,3279
T,3843,2,0,12792,186,422,0,0,5,524,-5,740,0,0,0,0
C,3280,3281,3282,3277,3280,3280,3276,3279,3279,3280,3281,3280,3280,3280,3280,3279
T,3844,4,0,-19004,186,421,0,0,5,524,-5,740,0,0,0,0
C,3280,3281,3282,3277,3280,3280,3276,3279,3279,3280,3281,3280,3280,3280,3280,3279
T,3845,2,0,16572,185,421,0,0,5,524,-5,740,0,0,0,0
C,3280,3281,3282,3277,3280,3280,3276,3278,3279,3280,3281,3280,3280,3280,3280,3279
T,3846,1,0,1748,185,421,0,0,5,524,-5,740,0,0,0,0
C,3280,3281,3282,3277,3280,3280,3276,3278,3279,3280,3281,3280,3280,3280,3280,3279
T,3847,1,0,10472,185,421,0,0,5,524,-6,740,0,0,0,0
C,3280,3281,3282,3277,3280,3280,3276,3278,3279,3280,3281,3280,3280,3280,3280,3279
T,3848,2,0,-18058,184,421,0,0,5,524,-6,740,0,0,0,0
C,3280,3281,3282,3277,3280,3280,3276,3278,3279,3280,3281,3280,3280,3280,3280,3279
T,3849,1,0,28090,184,421,0,0,5,524,-6,740,0,0,0,0
C,3280,3281,3282,3277,3280,3280,3276,3278,3279,3280,3281,3280,3280,3280,3280,3279
T,3850,1,0,-15478,185,421,0,0,5,524,-5,740,0,0,0,0
C,3280,3281,3282,3277,3280,3280,3276,3278,3279,3280,3281,3280,3280,3280,3280,3279
T,3851,2,0,26395,187,421,0,0,5,524,-5,740,0,0,0,0
C,3280,3281,3282,3277,3280,3280,3276,3278,3279,3280,3281,3281,3280,3281,3280,3279
T,3852,1,0,-13878,186,421,0,0,5,524,-5,740,0,0,0,0
C,3280,3281,3282,3277,3280,3280,3276,3278,3279,3280,3281,3281,3280,3281,3280,3279
T,3853,1,0,-1235,189,421,0,0,5,524,-6,740,0,0,0,0
C,3280,3281,3282,3277,3280,3280,3276,3278,3279,3280,3281,3281,3280,3281,3280,3279
T,3854,1,0,-29384,189,421,0,0,5,524,-6,740,0,0,0,0
C,3280,3281,3282,3277,3279,3280,3276,3278,3279,3280,3281,3280,3280,3280,3280,3279
T,3855,0,0,-14556,190,421,0,0,5,524,-6,740,0,0,0,0
C,3280,3281,3282,3277,3279,3280,3276,3278,3279,3280,3281,3280,3280,3280,3280,3279
T,3856,1,0,29684,190,421,0,0,5,524,-5,740,0,0,0,0
C,3280,3281,3282,3277,3279,3280,3276,3278,3279,3280,3281,3280,3280,3280,3280,3279
T,3857,0,0,30541,189,421,0,0,5,524,-5,740,0,0,0,0
C,3280,3281,3282,3277,3279,3280,3276,3278,3279,3280,3281,3280,3280,3280,3280,3279
T,3858,1,0,-30874,189,421,0,0,5,524,-5,740,0,0,0,0
C,3280,3281,3282,3277,3279,3280,3276,3278,3279,3280,3281,3280,3280,3280,3280,3279
T,3859,2,0,31559,190,421,0,0,5,524,-6,740,0,0,0,0
C,3280,3281,3282,3277,3279,3280,3276,3278,3279,3280,3281,3280,3280,3280,3280,3279
T,3860,2,0,17104,191,422,0,0,5,524,-6,740,0,0,0,0
C,3280,3281,3282,3277,3279,3280,3276,3278,3279,3281,3281,3281,3280,3281,3280,3279
T,3861,2,0,19940,192,421,0,0,5,524,-6,740,0,0,0,0
C,3280,3281,3282,3277,3279,3280,3276,3278,3279,3281,3281,3281,3280,3281,3280,3279
T,3862,1,0,16971,193,421,0,0,5,524,-6,740,0,0,0,0
C,3280,3281,3282,3277,3279,3280,3276,3278,3279,3281,3281,3281,3280,3281,3280,3279
T,3863,1,0,26401,193,421,0,0,5,524,-6,740,0,0,0,0
C,3280,3281,3282,3277,3279,3279,3276,3278,3279,3280,3281,3281,3280,3280,3280,3279
T,3864,3,0,7720,192,421,0,0,5,524,-6,740,0,0,0,0
C,3280,3281,3282,3277,3279,3279,3276,3278,3279,3280,3281,3281,3280,3280,3280,3279
T,3865,3,0,-31758,193,421,0,0,5,524,-6,740,0,0,0,0
C,3280,3281,3282,3277,3279,3279,3276,3278,3279,3280,3281,3281,3280,3280,3280,3279
T,3866,3,0,-12882,193,421,0,0,5,524,-6,740,0,0,0,0
C,3280,3281,3282,3277,3279,3279,3276,3278,3279,3280,3281,3281,3280,3280,3280,3279
T,3867,1,0,-18862,194,421,0,0,5,524,-6,740,0,0,0,0
C,3280,3281,3282,3277,3279,3279,3276,3278,3279,3280,3281,3281,3280,3280,3280,3279
T,3868,1,0,-28019,192,421,0,0,5,524,-4,740,0,0,0,0
C,3280,3281,3282,3277,3279,3279,3276,3278,3279,3280,3281,3281,3280,3280,3280,3279
T,3869,1,0,20710,191,421,0,0,5,524,-4,740,0,0,0,0
C,3280,3281,3282,3277,3279,3279,3276,3278,3279,3280,3281,3281,3280,3281,3280,3279
T,3870,1,0,-6658,189,421,0,0,5,524,-4,740,0,0,0,0
C,3280,3281,3282,3277,3279,3279,3276,3278,3279,3280,3281,3281,3280,3281,3280,3279
T,3871,2,0,-6910,188,421,0,0,5,524,-5,740,0,0,0,0
C,3280,3281,3282,3277,3279,3279,3276,3278,3279,3280,3281,3281,3280,3281,3280,3279
T,3872,2,0,4780,188,422,0,0,5,524,-5,740,0,0,0,0
C,3280,3281,3282,3277,3279,3279,3276,3278,3279,3280,3281,3281,3280,3281,3280,3279
T,3873,3,0,-27152,189,421,0,0,5,524,-5,740,0,0,0,0
C,3280,3281,3282,3277,3279,3279,3276,3278,3279,3280,3281,3281,3280,3281,3280,3279
T,3874,1,0,4998,190,421,0,0,5,524,-7,740,0,0,0,0
C,3280,3281,3282,3277,3279,3279,3276,3278,3279,3280,3281,3281,3280,3281,3280,3279
T,3875,1,0,17666,189,421,0,0,5,524,-7,740,0,0,0,0
C,3280,3281,3282,3277,3279,3280,3276,3278,3279,3280,3281,3280,3280,3280,3280,3279
T,3876,2,0,10055,191,421,0,0,5,524,-7,740,0,0,0,0
C,3280,3281,3282,3277,3279,3280,3276,3278,3279,3280,3281,3280,3280,3280,3280,3279
T,3877,3,0,348,193,421,0,0,5,524,-5,740,0,0,0,0
C,3280,3281,3282,3277,3279,3280,3276,3278,3279,3280,3281,3280,3280,3280,3280,3279
T,3878,2,0,20236,194,422,0,0,5,524,-5,740,0,0,0,0
C,3280,3281,3282,3277,3279,3280,3276,3279,3279,3280,3281,3280,3280,3280,3280,3279
T,3879,1,0,17358,193,421,0,0,5,524,-5,740,0,0,0,0
C,3280,3281,3282,3277,3279,3280,3276,3279,3279,3280,3281,3280,3280,3280,3280,3279
T,3880,1,0,-23653,193,421,0,0,5,524,-4,740,0,0,0,0
C,3280,3281,3282,3277,3279,3280,3276,3279,3279,3280,3281,3280,3280,3280,3280,3279
T,3881,1,0,5730,193,421,0,0,5,524,-4,740,0,0,0,0
C,3279,3281,3282,3277,3279,3280,3276,3278,3279,3280,3281,3281,3280,3280,3280,3279
T,3882,2,0,-18739,191,421,0,0,5,524,-4,740,0,0,0,0
C,3279,3281,3282,3277,3279,3280,3276,3278,3279,3280,3281,3281,3280,3280,3280,3279
T,3883,1,0,-18726,190,422,0,0,5,524,-5,740,0,0,0,0
C,3279,3281,3282,3277,3279,3280,3276,3278,3279,3280,3281,3281,3280,3280,3280,3279
T,3884,1,0,6738,191,421,0,0,5,524,-5,740,0,0,0,0
C,3279,3281,3282,3277,3279,3280,3276,3278,3279,3280,3281,3281,3280,3280,3280,3279
T,3885,2,0,18944,192,421,0,0,5,524,-5,740,0,0,0,0
C,3279,3281,3282,3277,3279,3280,3276,3278,3279,3280,3281,3281,3280,3280,3280,3279
T,3886,3,0,-13575,192,421,0,0,5,524,-4,740,0,0,0,0
C,3279,3281,3282,3277,3279,3280,3276,3278,3279,3280,3281,3281,3280,3280,3280,3279
T,3887,3,0,-29173,192,421,0,0,5,524,-4,740,0,0,0,0
C,3280,3281,3282,3277,3279,3280,3276,3278,3279,3280,3281,3280,3280,3280,3280,3279
T,3888,1,0,19512,193,421,0,0,5,524,-4,740,0,0,0,0
C,3280,3281,3282,3277,3279,3280,3276,3278,3279,3280,3281,3280,3280,3280,3280,3279
T,3889,3,0,4524,192,421,0,0,5,524,-4,740,0,0,0,0
C,3280,3281,3282,3277,3279,3280,3276,3278,3279,3280,3281,3280,3280,3280,3280,3279
T,3890,1,0,30206,191,422,0,0,5,524,-4,740,0,0,0,0
C,3280,3281,3282,3277,3280,3279,3276,3278,3279,3280,3281,3280,3280,3280,3280,3279
T,3891,2,0,10630,192,422,0,0,5,524,-4,740,0,0,0,0
C,3280,3281,3282,3277,3280,3279,3276,3278,3279,3280,3281,3280,3280,3280,3280,3279
T,3892,3,0,-31494,193,421,0,0,5,524,-4,740,0,0,0,0
C,3280,3281,3282,3277,3280,3279,3276,3278,3279,3280,3281,3280,3280,3280,3280,3279
T,3893,2,0,-5965,193,421,0,0,5,524,-4,740,0,0,0,0
C,3280,3281,3282,3277,3279,3279,3276,3278,3279,3280,3281,3281,3280,3280,3280,3279
T,3894,1,0,9011,193,421,0,0,5,524,-4,740,0,0,0,0
C,3280,3281,3282,3277,3279,3279,3276,3278,3279,3280,3281,3281,3280,3280,3280,3279
T,3895,1,0,-11555,194,421,0,0,5,524,-5,740,0,0,0,0
C,3280,3281,3282,3277,3279,3279,3276,3278,3279,3280,3281,3281,3280,3280,3280,3279
T,3896,2,0,30142,195,421,0,0,5,524,-5,740,0,0,0,0
C,3280,3281,3282,3277,3279,3280,3276,3278,3279,3280,3281,3280,3280,3280,3280,3279
T,3897,3,0,330,194,422,0,0,5,524,-5,740,0,0,0,0
C,3280,3281,3282,3277,3279,3280,3276,3278,3279,3280,3281,3280,3280,3280,3280,3279
T,3898,3,0,-22230,194,421,0,0,5,524,-4,740,0,0,0,0
C,3280,3281,3282,3277,3279,3280,3276,3278,3279,3280,3281,3280,3280,3280,3280,3279
T,3899,2,0,18486,192,421,0,0,5,524,-4,740,0,0,0,0
C,3280,3281,3282,3277,3279,3280,3276,3278,3279,3280,3281,3280,3280,3280,3280,3279
T,3900,3,0,-30306,192,421,0,0,5,524,-4,740,0,0,0,0
C,3279,3281,3282,3276,3279,3279,3276,3278,3279,3280,3281,3280,3280,3280,3280,3279
T,3901,3,0,-16272,192,421,0,0,5,524,-4,740,0,0,0,0
C,3279,3281,3282,3276,3279,3279,3276,3278,3279,3280,3281,3280,3280,3280,3280,3279
T,3902,4,0,28634,192,422,0,0,5,524,-4,740,0,0,0,0
C,3279,3281,3282,3276,3279,3279,3276,3278,3279,3280,3281,3280,3280,3280,3280,3279
T,3903,4,0,-17792,192,422,0,0,5,524,-4,740,0,0,0,0
C,3279,3281,3282,3276,3279,3279,3276,3278,3279,3280,3281,3280,3280,3280,3280,3279
T,3904,3,0,31696,193,421,0,0,5,524,-4,740,0,0,0,0
C,3279,3281,3282,3276,3279,3279,3276,3278,3279,3280,3281,3280,3280,3280,3280,3279
T,3905,2,0,26116,193,421,0,0,5,524,-4,740,0,0,0,0
C,3279,3281,3282,3276,3279,3279,3276,3278,3279,3280,3281,3280,3280,3280,3280,3279
T,3906,2,0,27904,192,421,0,0,5,524,-4,740,0,0,0,0
C,3280,3281,3282,3277,3279,3279,3276,3278,3279,3280,3281,3280,3280,3280,3280,3279
T,3907,3,0,-25604,192,421,0,0,5,524,-4,740,0,0,0,0
C,3280,3281,3282,3277,3279,3279,3276,3278,3279,3280,3281,3280,3280,3280,3280,3279
T,3908,2,0,15178,192,422,0,0,5,524,-5,740,0,0,0,0
C,3280,3281,3282,3277,3279,3279,3276,3278,3279,3280,3281,3280,3280,3280,3280,3279
T,3909,1,0,-538,193,421,0,0,5,524,-5,740,0,0,0,0
C,3280,3281,3282,3277,3279,3280,3276,3278,3279,3280,3281,3280,3280,3280,3280,3279
T,3910,0,0,2390,191,421,0,0,5,524,-5,740,0,0,0,0
C,3280,3281,3282,3277,3279,3280,3276,3278,3279,3280,3281,3280,3280,3280,3280,3279
T,3911,1,0,3553,191,421,0,0,5,524,-5,740,0,0,0,0
C,3280,3281,3282,3277,3279,3280,3276,3278,3279,3280,3281,3280,3280,3280,3280,3279
T,3912,0,0,-2223,191,421,0,0,5,524,-5,740,0,0,0,0
C,3279,3281,3282,3277,3279,3279,3276,3278,3279,3280,3281,3280,3280,3280,3280,3278
T,3913,1,0,4706,192,421,0,0,5,524,-5,740,0,0,0,0
C,3279,3281,3282,3277,3279,3279,3276,3278,3279,3280,3281,3280,3280,3280,3280,3278
T,3914,2,0,31093,191,421,0,0,5,524,-5,740,0,0,0,0
C,3279,3281,3282,3277,3279,3279,3276,3278,3279,3280,3281,3280,3280,3280,3280,3278
T,3915,1,0,-17735,190,421,0,0,5,524,-5,740,0,0,0,0
C,3279,3281,3282,3277,3279,3279,3276,3278,3279,3280,3281,3280,3280,3280,3280,3278
T,3916,1,0,18234,189,421,0,0,5,524,-5,740,0,0,0,0
C,3279,3281,3282,3277,3279,3279,3276,3278,3279,3280,3281,3280,3280,3280,3280,3278
T,3917,2,0,-24332,190,421,0,0,5,524,-6,740,0,0,0,0
C,3279,3281,3282,3277,3279,3279,3276,3278,3279,3280,3281,3280,3280,3280,3280,3278
T,3918,2,0,17945,190,421,0,0,5,524,-6,740,0,0,0,0
C,3279,3281,3282,3277,3279,3279,3276,3278,3279,3280,3281,3280,3280,3280,3280,3278
T,3919,2,0,17520,189,421,0,0,5,524,-6,740,0,0,0,0
C,3279,3281,3282,3277,3279,3279,3276,3278,3279,3280,3281,3280,3280,3280,3280,3278
T,3920,2,0,21614,188,422,0,0,5,524,-6,740,0,0,0,0
C,3279,3281,3282,3277,3279,3279,3276,3278,3279,3280,3281,3280,3280,3280,3280,3278
T,3921,2,0,3352,188,421,0,0,5,524,-6,740,0,0,0,0
C,3279,3280,3282,3277,3279,3279,3276,3278,3279,3280,3281,3280,3279,3280,3280,3279
T,3922,1,0,-23380,189,421,0,0,5,524,-6,740,0,0,0,0
C,3279,3280,3282,3277,3279,3279,3276,3278,3279,3280,3281,3280,3279,3280,3280,3279
T,3923,2,0,-889,188,421,0,0,5,524,-5,740,0,0,0,0
C,3279,3280,3282,3277,3279,3279,3276,3278,3279,3280,3281,3280,3279,3280,3280,3279
T,3924,2,0,10594,186,421,0,0,5,524,-5,740,0,0,0,0
C,3279,3280,3282,3277,3279,3279,3276,3278,3279,3280,3281,3280,3279,3280,3280,3279
T,3925,2,0,-19236,186,421,0,0,5,524,-5,740,0,0,0,0
C,3279,3280,3282,3277,3279,3279,3276,3278,3279,3280,3281,3280,3279,3280,3280,3279
T,3926,2,0,32197,185,422,0,0,5,524,-5,740,0,0,0,0
C,3279,3281,3282,3277,3279,3279,3276,3278,3279,3280,3281,3280,3279,3280,3280,3279
T,3927,4,0,-2116,185,422,0,0,5,524,-5,740,0,0,0,0
C,3279,3281,3282,3277,3279,3279,3276,3278,3279,3280,3281,3280,3279,3280,3280,3279
T,3928,4,0,26458,186,421,0,0,5,524,-5,740,0,0,0,0
C,3279,3281,3282,3277,3279,3279,3276,3278,3279,3280,3281,3280,3279,3280,3280,3279
T,3929,2,0,-32056,187,421,0,0,5,524,-5,740,0,0,0,0
C,3279,3281,3282,3277,3279,3279,3276,3278,3279,3280,3281,3280,3279,3280,3280,3279
T,3930,3,0,-10380,186,421,0,0,5,524,-5,740,0,0,0,0
C,3280,3281,3282,3277,3279,3280,3276,3278,3279,3280,3281,3280,3280,3280,3280,3279
T,3931,2,0,-22964,186,421,0,0,5,524,-5,740,0,0,0,0
C,3280,3281,3282,3277,3279,3280,3276,3278,3279,3280,3281,3280,3280,3280,3280,3279
T,3932,2,0,-32454,186,421,0,0,5,524,-4,740,0,0,0,0
C,3280,3281,3282,3277,3279,3280,3276,3278,3279,3280,3281,3280,3280,3280,3280,3279
T,3933,2,0,-3675,186,422,0,0,5,524,-4,740,0,0,0,0
C,3280,3281,3282,3277,3279,3280,3276,3278,3279,3280,3281,3280,3280,3280,3280,3279
T,3934,2,0,-4236,185,421,0,0,5,524,-4,740,0,0,0,0
C,3280,3281,3282,3277,3279,3280,3276,3278,3279,3280,3281,3280,3280,3280,3280,3279
T,3935,3,0,-4592,187,421,0,0,5,524,-5,740,0,0,0,0
C,3280,3281,3282,3277,3279,3280,3276,3278,3279,3280,3281,3280,3280,3280,3280,3279
T,3936,3,0,13370,186,421,0,0,5,524,-5,740,0,0,0,0
C,3280,3281,3282,3277,3279,3280,3276,3278,3279,3280,3281,3281,3280,3280,3280,3279
T,3937,3,0,-11942,187,421,0,0,5,524,-5,740,0,0,0,0
C,3280,3281,3282,3277,3279,3280,3276,3278,3279,3280,3281,3281,3280,3280,3280,3279
T,3938,2,0,-30581,186,421,0,0,5,524,-6,740,0,0,0,0
C,3280,3281,3282,3277,3279,3280,3276,3278,3279,3280,3281,3281,3280,3280,3280,3279
T,3939,2,0,1667,186,422,0,0,5,524,-6,740,0,0,0,0
C,3280,3281,3282,3277,3280,3280,3276,3278,3279,3280,3281,3281,3280,3281,3280,3279
T,3940,1,0,17754,184,421,0,0,5,524,-6,740,0,0,0,0
C,3280,3281,3282,3277,3280,3280,3276,3278,3279,3280,3281,3281,3280,3281,3280,3279
T,3941,1,0,10912,184,422,0,0,5,524,-5,740,0,0,0,0
C,3280,3281,3282,3277,3280,3280,3276,3278,3279,3280,3281,3281,3280,3281,3280,3279
T,3942,2,0,32704,183,421,0,0,5,524,-5,740,0,0,0,0
C,3280,3281,3282,3277,3280,3280,3276,3279,3279,3280,3281,3280,3280,3280,3280,3279
T,3943,1,0,-21606,183,421,0,0,5,524,-5,740,0,0,0,0
C,3280,3281,3282,3277,3280,3280,3276,3279,3279,3280,3281,3280,3280,3280,3280,3279
T,3944,1,0,13564,183,421,0,0,5,524,-3,740,0,0,0,0
C,3280,3281,3282,3277,3280,3280,3276,3279,3279,3280,3281,3280,3280,3280,3280,3279
T,3945,2,0,-25838,183,422,0,0,5,524,-3,740,0,0,0,0
C,3280,3281,3282,3277,3280,3280,3276,3279,3279,3280,3281,3280,3280,3280,3280,3279
T,3946,1,0,11170,185,421,0,0,5,524,-3,740,0,0,0,0
C,3280,3281,3282,3277,3280,3280,3276,3279,3279,3280,3281,3280,3280,3280,3280,3279
T,3947,3,0,14891,186,421,0,0,5,524,-3,740,0,0,0,0
C,3280,3281,3282,3277,3280,3280,3276,3279,3279,3280,3281,3280,3280,3280,3280,3279
T,3948,2,0,-31688,187,421,0,0,5,524,-3,740,0,0,0,0
C,3280,3281,3282,3277,3279,3280,3276,3278,3279,3280,3281,3281,3280,3280,3280,3279
T,3949,3,0,-20607,186,421,0,0,5,524,-3,740,0,0,0,0
C,3280,3281,3282,3277,3279,3280,3276,3278,3279,3280,3281,3281,3280,3280,3280,3279
T,3950,2,0,-27830,187,422,0,0,5,524,-5,740,0,0,0,0
C,3280,3281,3282,3277,3279,3280,3276,3278,3279,3280,3281,3281,3280,3280,3280,3279
T,3951,2,0,1896,188,421,0,0,5,524,-5,740,0,0,0,0
C,3279,3281,3282,3277,3279,3279,3276,3278,3279,3280,3281,3280,3280,3280,3280,3279
T,3952,4,0,-6502,187,421,0,0,5,524,-5,740,0,0,0,0
C,3279,3281,3282,3277,3279,3279,3276,3278,3279,3280,3281,3280,3280,3280,3280,3279
T,3953,2,0,-6090,188,421,0,0,5,524,-5,740,0,0,0,0
C,3279,3281,3282,3277,3279,3279,3276,3278,3279,3280,3281,3280,3280,3280,3280,3279
T,3954,3,0,19047,188,421,0,0,5,524,-5,740,0,0,0,0
C,3279,3281,3282,3277,3279,3279,3276,3278,3279,3280,3281,3280,3280,3280,3280,3279
T,3955,2,0,-25836,189,421,0,0,5,524,-5,740,0,0,0,0
C,3279,3281,3282,3277,3279,3279,3276,3278,3279,3280,3281,3280,3280,3280,3280,3279
T,3956,2,0,3774,189,422,0,0,5,524,-6,740,0,0,0,0
C,3279,3281,3282,3277,3279,3279,3276,3278,3279,3280,3281,3280,3280,3280,3280,3279
T,3957,0,0,-23188,189,421,0,0,5,524,-6,740,0,0,0,0
C,3280,3281,3282,3277,3279,3279,3276,3278,3279,3280,3281,3280,3280,3280,3280,3279
T,3958,3,0,-9074,191,422,0,0,5,524,-6,740,0,0,0,0
C,3280,3281,3282,3277,3279,3279,3276,3278,3279,3280,3281,3280,3280,3280,3280,3279
T,3959,2,0,-20776,190,421,0,0,5,524,-5,740,0,0,0,0
C,3280,3281,3282,3277,3279,3279,3276,3278,3279,3280,3281,3280,3280,3280,3280,3279
T,3960,1,0,-1627,189,421,0,0,5,524,-5,740,0,0,0,0
C,3280,3280,3282,3277,3279,3279,3276,3278,3279,3280,3281,3281,3280,3280,3280,3279
T,3961,3,0,31395,188,421,0,0,5,524,-5,740,0,0,0,0
C,3280,3280,3282,3277,3279,3279,3276,3278,3279,3280,3281,3281,3280,3280,3280,3279
T,3962,2,0,-12134,188,421,0,0,5,524,-3,740,0,0,0,0
C,3280,3280,3282,3277,3279,3279,3276,3278,3279,3280,3281,3281,3280,3280,3280,3279
T,3963,2,0,-476,190,421,0,0,5,524,-3,740,0,0,0,0
C,3280,3280,3282,3277,3279,3279,3276,3278,3279,3280,3281,3281,3280,3280,3280,3279
T,3964,1,0,11206,191,421,0,0,5,524,-3,740,0,0,0,0
C,3280,3280,3282,3277,3279,3279,3276,3278,3279,3280,3281,3281,3280,3280,3280,3279
T,3965,2,0,9741,191,421,0,0,5,524,-4,740,0,0,0,0
C,3280,3280,3282,3277,3279,3279,3276,3278,3279,3280,3281,3281,3280,3280,3280,3279
T,3966,3,0,-19577,192,421,0,0,5,524,-4,740,0,0,0,0
C,3279,3281,3282,3276,3279,3279,3276,3278,3279,3280,3281,3281,3280,3280,3280,3279
T,3967,2,0,14931,191,421,0,0,5,524,-4,740,0,0,0,0
C,3279,3281,3282,3276,3279,3279,3276,3278,3279,3280,3281,3281,3280,3280,3280,3279
T,3968,3,0,9990,189,421,0,0,5,524,-6,740,0,0,0,0
C,3279,3281,3282,3276,3279,3279,3276,3278,3279,3280,3281,3281,3280,3280,3280,3279
T,3969,4,0,29684,188,422,0,0,5,524,-6,740,0,0,0,0
C,3279,3281,3282,3276,3279,3279,3276,3278,3279,3280,3281,3281,3280,3280,3280,3279
T,3970,5,0,32154,187,421,0,0,5,524,-6,740,0,0,0,0
C,3279,3281,3282,3276,3279,3279,3276,3278,3279,3280,3281,3281,3280,3280,3280,3279
T,3971,3,0,15549,186,421,0,0,5,524,-5,740,0,0,0,0
C,3279,3281,3282,3276,3279,3279,3276,3278,3279,3280,3281,3281,3280,3280,3280,3279
T,3972,2,0,-5728,187,421,0,0,5,524,-5,740,0,0,0,0
C,3280,3281,3282,3277,3279,3279,3276,3278,3279,3280,3281,3281,3280,3280,3280,3279
T,3973,2,0,20706,187,421,0,0,5,524,-5,740,0,0,0,0
C,3280,3281,3282,3277,3279,3279,3276,3278,3279,3280,3281,3281,3280,3280,3280,3279
T,3974,2,0,13242,188,422,0,0,5,524,-4,740,0,0,0,0
C,3280,3281,3282,3277,3279,3279,3276,3278,3279,3280,3281,3281,3280,3280,3280,3279
T,3975,2,0,-25745,189,422,0,0,5,524,-4,740,0,0,0,0
C,3280,3281,3282,3277,3279,3279,3276,3278,3279,3280,3281,3281,3280,3280,3280,3279
T,3976,3,0,4431,189,421,0,0,5,524,-4,740,0,0,0,0
C,3280,3281,3282,3277,3279,3279,3276,3278,3279,3280,3281,3281,3280,3280,3280,3279
T,3977,1,0,-4309,189,422,0,0,5,524,-3,740,0,0,0,0
C,3280,3281,3282,3277,3279,3279,3276,3278,3279,3280,3281,3281,3280,3280,3280,3279
T,3978,2,0,-12026,191,421,0,0,5,524,-3,740,0,0,0,0
C,3279,3281,3282,3276,3279,3279,3276,3278,3279,3280,3281,3281,3280,3280,3280,3279
T,3979,1,0,-770,192,421,0,0,5,524,-3,740,0,0,0,0
C,3279,3281,3282,3276,3279,3279,3276,3278,3279,3280,3281,3281,3280,3280,3280,3279
T,3980,1,0,-4268,191,421,0,0,5,524,-5,740,0,0,0,0
C,3279,3281,3282,3276,3279,3279,3276,3278,3279,3280,3281,3281,3280,3280,3280,3279
T,3981,0,0,640,189,421,0,0,5,524,-5,740,0,0,0,0
C,3279,3281,3282,3276,3280,3280,3276,3278,3279,3280,3281,3280,3280,3280,3280,3279
T,3982,1,0,-8089,191,421,0,0,5,524,-5,740,0,0,0,0
C,3279,3281,3282,3276,3280,3280,3276,3278,3279,3280,3281,3280,3280,3280,3280,3279
T,3983,2,0,4036,190,421,0,0,5,524,-6,740,0,0,0,0
C,3279,3281,3282,3276,3280,3280,3276,3278,3279,3280,3281,3280,3280,3280,3280,3279
T,3984,3,0,20230,190,421,0,0,5,524,-6,740,0,0,0,0
C,3280,3281,3282,3277,3279,3280,3276,3278,3279,3280,3281,3280,3280,3280,3280,3279
T,3985,2,0,-18346,192,421,0,0,5,524,-6,740,0,0,0,0
C,3280,3281,3282,3277,3279,3280,3276,3278,3279,3280,3281,3280,3280,3280,3280,3279
T,3986,3,0,23409,193,421,0,0,5,524,-5,740,0,0,0,0
C,3280,3281,3282,3277,3279,3280,3276,3278,3279,3280,3281,3280,3280,3280,3280,3279
T,3987,1,0,25208,194,422,0,0,5,524,-5,740,0,0,0,0
C,3280,3281,3282,3277,3279,3280,3276,3278,3279,3280,3281,3281,3280,3280,3280,3279
T,3988,1,0,-21323,194,422,0,0,5,524,-5,740,0,0,0,0
C,3280,3281,3282,3277,3279,3280,3276,3278,3279,3280,3281,3281,3280,3280,3280,3279
T,3989,1,0,-1792,194,421,0,0,5,524,-4,740,0,0,0,0
C,3280,3281,3282,3277,3279,3280,3276,3278,3279,3280,3281,3281,3280,3280,3280,3279
T,3990,3,0,-3186,194,421,0,0,5,524,-4,740,0,0,0,0
C,3279,3281,3282,3277,3279,3279,3276,3278,3279,3280,3281,3280,3280,3280,3280,3279
T,3991,2,0,-4590,194,421,0,0,5,524,-4,740,0,0,0,0
C,3279,3281,3282,3277,3279,3279,3276,3278,3279,3280,3281,3280,3280,3280,3280,3279
T,3992,2,0,-28868,192,422,0,0,5,524,-3,740,0,0,0,0
C,3279,3281,3282,3277,3279,3279,3276,3278,3279,3280,3281,3280,3280,3280,3280,3279
T,3993,3,0,-12359,191,421,0,0,5,524,-3,740,0,0,0,0
C,3279,3281,3282,3277,3279,3279,3276,3278,3279,3280,3281,3280,3280,3280,3280,3279
T,3994,1,0,-5581,191,422,0,0,5,524,-3,740,0,0,0,0
C,3279,3281,3282,3277,3279,3279,3276,3278,3279,3280,3281,3280,3280,3280,3280,3279
T,3995,2,0,-1655,191,421,0,0,5,524,-5,740,0,0,0,0
C,3279,3281,3282,3277,3279,3279,3276,3278,3279,3280,3281,3280,3280,3280,3280,3279
T,3996,2,0,1914,190,421,0,0,5,524,-5,740,0,0,0,0
C,3279,3281,3282,3276,3279,3279,3276,3278,3279,3280,3281,3280,3280,3280,3280,3279
T,3997,2,0,2359,190,421,0,0,5,524,-5,740,0,0,0,0
C,3279,3281,3282,3276,3279,3279,3276,3278,3279,3280,3281,3280,3280,3280,3280,3279
T,3998,1,0,30366,189,422,0,0,5,524,-6,740,0,0,0,0
C,3279,3281,3282,3276,3279,3279,3276,3278,3279,3280,3281,3280,3280,3280,3280,3279
T,3999,1,0,-22785,187,421,0,0,5,524,-6,740,0,0,0,0
C,3280,3281,3282,3276,3280,3279,3276,3278,3279,3280,3281,3280,3280,3280,3280,3279
T,4000,0,0,-13907,188,421,0,0,5,524,-6,740,0,0,0,0
C,3280,3281,3282,3276,3280,3279,3276,3278,3279,3280,3281,3280,3280,3280,3280,3279
T,4001,0,0,12071,187,421,0,0,5,524,-4,740,0,0,0,0
C,3280,3281,3282,3276,3280,3279,3276,3278,3279,3280,3281,3280,3280,3280,3280,3279
T,4002,1,0,-29280,187,421,0,0,5,524,-4,740,0,0,0,0
C,3280,3281,3282,3277,3280,3279,3276,3278,3279,3280,3281,3280,3280,3281,3280,3279
T,4003,0,0,-28683,187,421,0,0,5,524,-4,740,0,0,0,0
C,3280,3281,3282,3277,3280,3279,3276,3278,3279,3280,3281,3280,3280,3281,3280,3279
T,4004,1,0,-27114,186,421,0,0,5,524,-4,740,0,0,0,0
C,3280,3281,3282,3277,3280,3279,3276,3278,3279,3280,3281,3280,3280,3281,3280,3279
T,4005,2,0,-12128,189,422,0,0,5,524,-4,740,0,0,0,0
C,3280,3281,3282,3277,3280,3280,3276,3278,3279,3280,3281,3280,3280,3281,3280,3279
T,4006,2,0,3464,190,421,0,0,5,524,-4,740,0,0,0,0
C,3280,3281,3282,3277,3280,3280,3276,3278,3279,3280,3281,3280,3280,3281,3280,3279
T,4007,2,0,24494,191,421,0,0,5,524,-4,740,0,0,0,0
C,3280,3281,3282,3277,3280,3280,3276,3278,3279,3280,3281,3280,3280,3281,3280,3279
T,4008,2,0,-19918,191,421,0,0,5,524,-4,740,0,0,0,0
C,3280,3281,3282,3277,3280,3280,3276,3278,3279,3280,3281,3280,3280,3280,3280,3279
T,4009,2,0,-16386,190,421,0,0,5,524,-4,740,0,0,0,0
C,3280,3281,3282,3277,3280,3280,3276,3278,3279,3280,3281,3280,3280,3280,3280,3279
T,4010,2,0,26620,190,422,0,0,5,524,-3,740,0,0,0,0
C,3280,3281,3282,3277,3280,3280,3276,3278,3279,3280,3281,3280,3280,3280,3280,3279
T,4011,1,0,-21768,189,421,0,0,5,524,-3,740,0,0,0,0
C,3280,3281,3282,3277,3279,3280,3276,3278,3279,3280,3281,3281,3280,3280,3280,3279
T,4012,1,0,208,189,421,0,0,5,524,-3,740,0,0,0,0
C,3280,3281,3282,3277,3279,3280,3276,3278,3279,3280,3281,3281,3280,3280,3280,3279
T,4013,3,0,26280,188,421,0,0,5,524,-3,740,0,0,0,0
C,3280,3281,3282,3277,3279,3280,3276,3278,3279,3280,3281,3281,3280,3280,3280,3279
T,4014,2,0,21538,187,421,0,0,5,524,-3,740,0,0,0,0
C,3280,3281,3282,3277,3279,3279,3276,3278,3279,3280,3281,3281,3280,3280,3280,3279
T,4015,3,0,11463,188,421,0,0,5,524,-3,740,0,0,0,0
C,3280,3281,3282,3277,3279,3279,3276,3278,3279,3280,3281,3281,3280,3280,3280,3279
T,4016,3,0,-30136,188,422,0,0,5,524,-5,740,0,0,0,0
C,3280,3281,3282,3277,3279,3279,3276,3278,3279,3280,3281,3281,3280,3280,3280,3279
T,4017,2,0,-26194,189,422,0,0,5,524,-5,740,0,0,0,0
C,3280,3281,3282,3277,3279,3279,3276,3278,3279,3281,3281,3281,3280,3280,3280,3279
T,4018,1,0,3960,189,421,0,0,5,524,-5,740,0,0,0,0
C,3280,3281,3282,3277,3279,3279,3276,3278,3279,3281,3281,3281,3280,3280,3280,3279
T,4019,2,0,-15527,190,421,0,0,5,524,-5,740,0,0,0,0
C,3280,3281,3282,3277,3279,3279,3276,3278,3279,3281,3281,3281,3280,3280,3280,3279
T,4020,2,0,-3015,191,422,0,0,5,524,-6,740,0,0,0,0
C,3280,3281,3282,3277,3279,3279,3276,3278,3279,3281,3281,3281,3280,3280,3280,3279
T,4021,3,0,14714,190,421,0,0,5,524,-6,740,0,0,0,0
C,3280,3281,3282,3277,3279,3279,3276,3278,3279,3280,3281,3280,3280,3280,3280,3279
T,4022,2,0,27891,189,422,0,0,5,524,-6,740,0,0,0,0
C,3280,3281,3282,3277,3279,3279,3276,3278,3279,3280,3281,3280,3280,3280,3280,3279
T,4023,1,0,16627,190,421,0,0,5,524,-4,740,0,0,0,0
C,3280,3281,3282,3277,3279,3279,3276,3278,3279,3280,3281,3280,3280,3280,3280,3279
T,4024,2,0,-32522,188,421,0,0,5,524,-4,740,0,0,0,0
C,3280,3281,3282,3277,3279,3280,3276,3278,3279,3280,3281,3280,3280,3281,3281,3279
T,4025,3,0,23437,189,421,0,0,5,524,-4,740,0,0,0,0
C,3280,3281,3282,3277,3279,3280,3276,3278,3279,3280,3281,3280,3280,3281,3281,3279
T,4026,2,0,-6564,190,421,0,0,5,524,-4,740,0,0,0,0
C,3280,3281,3282,3277,3279,3280,3276,3278,3279,3280,3281,3280,3280,3281,3281,3279
T,4027,2,0,-25388,189,421,0,0,5,524,-4,740,0,0,0,0
C,3280,3281,3282,3277,3279,3280,3276,3278,3279,3281,3281,3281,3280,3281,3280,3279
T,4028,2,0,-5255,189,422,0,0,5,524,-4,740,0,0,0,0
C,3280,3281,3282,3277,3279,3280,3276,3278,3279,3281,3281,3281,3280,3281,3280,3279
T,4029,2,0,-10690,189,422,0,0,5,524,-4,740,0,0,0,0
C,3280,3281,3282,3277,3279,3280,3276,3278,3279,3281,3281,3281,3280,3281,3280,3279
T,4030,3,0,-4182,188,421,0,0,5,524,-4,740,0,0,0,0
C,3280,3281,3282,3277,3279,3280,3276,3278,3279,3280,3281,3280,3280,3280,3280,3279
T,4031,3,0,10386,188,421,0,0,5,524,-4,740,0,0,0,0
C,3280,3281,3282,3277,3279,3280,3276,3278,3279,3280,3281,3280,3280,3280,3280,3279
T,4032,2,0,10461,189,421,0,0,5,524,-5,740,0,0,0,0
C,3280,3281,3282,3277,3279,3280,3276,3278,3279,3280,3281,3280,3280,3280,3280,3279
T,4033,3,0,-21580,190,422,0,0,5,524,-5,740,0,0,0,0
C,3280,3281,3282,3277,3279,3280,3276,3278,3279,3280,3281,3280,3280,3280,3280,3279
T,4034,3,0,28938,189,422,0,0,5,524,-5,740,0,0,0,0
C,3280,3281,3282,3277,3279,3280,3276,3278,3279,3280,3281,3280,3280,3280,3280,3279
T,4035,2,0,9724,189,422,0,0,5,524,-5,740,0,0,0,0
C,3280,3281,3282,3277,3279,3280,3276,3278,3279,3280,3281,3280,3280,3280,3280,3279
T,4036,2,0,-576,187,421,0,0,5,524,-5,740,0,0,0,0
C,3280,3281,3282,3277,3279,3280,3276,3278,3279,3280,3281,3280,3280,3280,3280,3279
T,4037,3,0,-9489,185,421,0,0,5,524,-5,740,0,0,0,0
C,3280,3281,3282,3277,3279,3280,3276,3278,3279,3280,3281,3280,3280,3280,3280,3279
T,4038,1,0,31127,183,421,0,0,5,524,-4,740,0,0,0,0
C,3280,3281,3282,3277,3279,3280,3276,3278,3279,3280,3281,3280,3280,3280,3280,3279
T,4039,2,0,14592,184,421,0,0,5,524,-4,740,0,0,0,0
C,3280,3281,3282,3277,3279,3279,3276,3278,3279,3280,3281,3280,3280,3280,3280,3279
T,4040,1,0,14794,185,421,0,0,5,524,-4,740,0,0,0,0
C,3280,3281,3282,3277,3279,3279,3276,3278,3279,3280,3281,3280,3280,3280,3280,3279
T,4041,2,0,10532,186,422,0,0,5,524,-4,740,0,0,0,0
C,3280,3281,3282,3277,3279,3279,3276,3278,3279,3280,3281,3280,3280,3280,3280,3279
T,4042,3,0,14804,187,421,0,0,5,524,-4,740,0,0,0,0
C,3279,3281,3282,3276,3279,3279,3276,3278,3279,3280,3281,3280,3280,3280,3280,3279
T,4043,3,0,-13982,186,421,0,0,5,524,-4,740,0,0,0,0
C,3279,3281,3282,3276,3279,3279,3276,3278,3279,3280,3281,3280,3280,3280,3280,3279
T,4044,2,0,-26444,187,421,0,0,5,524,-5,740,0,0,0,0
C,3279,3281,3282,3276,3279,3279,3276,3278,3279,3280,3281,3280,3280,3280,3280,3279
T,4045,2,0,-6268,188,421,0,0,5,524,-5,740,0,0,0,0
C,3279,3281,3282,3276,3279,3279,3276,3278,3279,3280,3281,3280,3280,3280,3280,3279
T,4046,2,0,1949,187,421,0,0,5,524,-5,740,0,0,0,0
C,3279,3281,3282,3276,3279,3279,3276,3278,3279,3280,3281,3280,3280,3280,3280,3279
T,4047,2,0,-1266,189,422,0,0,5,524,-5,740,0,0,0,0
C,3279,3281,3282,3276,3279,3279,3276,3278,3279,3280,3281,3280,3280,3280,3280,3279
T,4048,1,0,-31114,189,421,0,0,5,524,-5,740,0,0,0,0
C,3279,3280,3282,3277,3279,3279,3276,3278,3279,3280,3281,3280,3280,3280,3280,3279
T,4049,1,0,5065,187,421,0,0,5,524,-5,740,0,0,0,0
C,3279,3280,3282,3277,3279,3279,3276,3278,3279,3280,3281,3280,3280,3280,3280,3279
T,4050,1,0,-100,188,422,0,0,5,524,-5,740,0,0,0,0
C,3279,3280,3282,3277,3279,3279,3276,3278,3279,3280,3281,3280,3280,3280,3280,3279
T,4051,0,0,-24608,189,422,0,0,5,524,-5,740,0,0,0,0
C,3279,3280,3282,3277,3279,3279,3276,3278,3279,3280,3280,3280,3280,3280,3280,3279
T,4052,2,0,22792,188,421,0,0,5,524,-5,740,0,0,0,0
C,3279,3280,3282,3277,3279,3279,3276,3278,3279,3280,3280,3280,3280,3280,3280,3279
T,4053,2,0,14336,190,422,0,0,5,524,-5,740,0,0,0,0
C,3279,3280,3282,3277,3279,3279,3276,3278,3279,3280,3280,3280,3280,3280,3280,3279
T,4054,1,0,-22388,189,421,0,0,5,524,-5,740,0,0,0,0
C,3279,3281,3282,3277,3279,3279,3276,3278,3279,3280,3280,3280,3280,3280,3280,3279
T,4055,2,0,-1673,190,422,0,0,5,524,-5,740,0,0,0,0
C,3279,3281,3282,3277,3279,3279,3276,3278,3279,3280,3280,3280,3280,3280,3280,3279
T,4056,1,0,-31080,189,421,0,0,5,524,-6,740,0,0,0,0
C,3279,3281,3282,3277,3279,3279,3276,3278,3279,3280,3280,3280,3280,3280,3280,3279
T,4057,1,0,-14240,189,421,0,0,5,524,-6,740,0,0,0,0
C,3279,3281,3282,3277,3279,3279,3276,3278,3279,3280,3281,3280,3280,3280,3280,3279
T,4058,1,0,2367,189,421,0,0,5,524,-6,740,0,0,0,0
C,3279,3281,3282,3277,3279,3279,3276,3278,3279,3280,3281,3280,3280,3280,3280,3279
T,4059,1,0,-25457,188,422,0,0,5,524,-5,740,0,0,0,0
C,3279,3281,3282,3277,3279,3279,3276,3278,3279,3280,3281,3280,3280,3280,3280,3279
T,4060,2,0,-29755,188,422,0,0,5,524,-5,740,0,0,0,0
C,3280,3281,3282,3277,3279,3279,3276,3278,3279,3280,3281,3280,3280,3280,3280,3279
T,4061,2,0,2594,187,421,0,0,5,524,-5,740,0,0,0,0
C,3280,3281,3282,3277,3279,3279,3276,3278,3279,3280,3281,3280,3280,3280,3280,3279
T,4062,3,0,21780,187,421,0,0,5,524,-4,740,0,0,0,0
C,3280,3281,3282,3277,3279,3279,3276,3278,3279,3280,3281,3280,3280,3280,3280,3279
T,4063,3,0,-24078,186,421,0,0,5,524,-4,740,0,0,0,0
C,3279,3281,3282,3277,3280,3279,3276,3278,3279,3280,3281,3281,3280,3280,3280,3279
T,4064,2,0,-32368,187,422,0,0,5,524,-4,740,0,0,0,0
C,3279,3281,3282,3277,3280,3279,3276,3278,3279,3280,3281,3281,3280,3280,3280,3279
T,4065,1,0,-17577,188,422,0,0,5,524,-4,740,0,0,0,0
C,3279,3281,3282,3277,3280,3279,3276,3278,3279,3280,3281,3281,3280,3280,3280,3279
T,4066,2,0,-16974,189,421,0,0,5,524,-4,740,0,0,0,0
C,3279,3281,3282,3277,3279,3280,3276,3278,3279,3280,3281,3280,3280,3280,3280,3279
T,4067,2,0,-8016,188,421,0,0,5,524,-4,740,0,0,0,0
C,3279,3281,3282,3277,3279,3280,3276,3278,3279,3280,3281,3280,3280,3280,3280,3279
T,4068,2,0,-27402,189,422,0,0,5,524,-5,740,0,0,0,0
C,3279,3281,3282,3277,3279,3280,3276,3278,3279,3280,3281,3280,3280,3280,3280,3279
T,4069,1,0,23776,189,421,0,0,5,524,-5,740,0,0,0,0
C,3280,3281,3282,3277,3279,3280,3276,3278,3279,3280,3281,3280,3280,3280,3280,3279
T,4070,2,0,-8932,189,422,0,0,5,524,-5,740,0,0,0,0
C,3280,3281,3282,3277,3279,3280,3276,3278,3279,3280,3281,3280,3280,3280,3280,3279
T,4071,2,0,20992,188,422,0,0,5,524,-4,740,0,0,0,0
C,3280,3281,3282,3277,3279,3280,3276,3278,3279,3280,3281,3280,3280,3280,3280,3279
T,4072,1,0,21796,186,421,0,0,5,524,-4,740,0,0,0,0
C,3280,3281,3282,3277,3279,3280,3276,3278,3279,3280,3281,3280,3280,3280,3280,3279
T,4073,1,0,-27160,187,421,0,0,5,524,-4,740,0,0,0,0
C,3280,3281,3282,3277,3279,3280,3276,3278,3279,3280,3281,3280,3280,3280,3280,3279
T,4074,1,0,-19754,188,421,0,0,5,524,-5,740,0,0,0,0
C,3280,3281,3282,3277,3279,3280,3276,3278,3279,3280,3281,3280,3280,3280,3280,3279
T,4075,0,0,-10007,190,422,0,0,5,524,-5,740,0,0,0,0
C,3279,3281,3282,3277,3279,3279,3276,3278,3279,3280,3281,3280,3280,3280,3280,3279
T,4076,1,0,-26104,189,422,0,0,5,524,-5,740,0,0,0,0
C,3279,3281,3282,3277,3279,3279,3276,3278,3279,3280,3281,3280,3280,3280,3280,3279
T,4077,1,0,22678,191,422,0,0,5,524,-6,740,0,0,0,0
C,3279,3281,3282,3277,3279,3279,3276,3278,3279,3280,3281,3280,3280,3280,3280,3279
T,4078,1,0,9002,192,421,0,0,5,524,-6,740,0,0,0,0
C,3279,3281,3282,3277,3279,3279,3276,3278,3279,3280,3281,3280,3280,3280,3280,3279
T,4079,2,0,-29400,192,422,0,0,5,524,-6,740,0,0,0,0
C,3279,3281,3282,3277,3279,3279,3276,3278,3279,3280,3281,3280,3280,3280,3280,3279
T,4080,1,0,12517,192,421,0,0,5,524,-5,740,0,0,0,0
C,3279,3281,3282,3277,3279,3279,3276,3278,3279,3280,3281,3280,3280,3280,3280,3279
T,4081,0,0,32387,193,421,0,0,5,524,-5,740,0,0,0,0
C,3279,3280,3282,3277,3280,3279,3276,3278,3279,3280,3281,3280,3280,3280,3280,3279
T,4082,1,0,-9862,192,421,0,0,5,524,-5,740,0,0,0,0
C,3279,3280,3282,3277,3280,3279,3276,3278,3279,3280,3281,3280,3280,3280,3280,3279
T,4083,1,0,-2869,193,422,0,0,5,524,-4,740,0,0,0,0
C,3279,3280,3282,3277,3280,3279,3276,3278,3279,3280,3281,3280,3280,3280,3280,3279
T,4084,2,0,27416,191,422,0,0,5,524,-4,740,0,0,0,0
C,3279,3280,3282,3277,3279,3279,3276,3278,3279,3280,3281,3281,3280,3280,3280,3279
T,4085,3,0,-7203,191,421,0,0,5,524,-4,740,0,0,0,0
C,3279,3280,3282,3277,3279,3279,3276,3278,3279,3280,3281,3281,3280,3280,3280,3279
T,4086,2,0,8698,192,422,0,0,5,524,-3,740,0,0,0,0
C,3279,3280,3282,3277,3279,3279,3276,3278,3279,3280,3281,3281,3280,3280,3280,3279
T,4087,3,0,13651,191,422,0,0,5,524,-3,740,0,0,0,0
C,3280,3280,3282,3277,3279,3279,3276,3278,3279,3280,3281,3280,3280,3280,3280,3279
T,4088,3,0,-12512,192,422,0,0,5,524,-3,740,0,0,0,0
C,3280,3280,3282,3277,3279,3279,3276,3278,3279,3280,3281,3280,3280,3280,3280,3279
T,4089,1,0,-29354,191,422,0,0,5,524,-6,740,0,0,0,0
C,3280,3280,3282,3277,3279,3279,3276,3278,3279,3280,3281,3280,3280,3280,3280,3279
T,4090,1,0,-15354,192,421,0,0,5,524,-6,740,0,0,0,0
C,3280,3281,3282,3276,3279,3280,3276,3278,3279,3280,3281,3280,3280,3281,3280,3279
T,4091,3,0,-17232,193,421,0,0,5,524,-6,740,0,0,0,0
C,3280,3281,3282,3276,3279,3280,3276,3278,3279,3280,3281,3280,3280,3281,3280,3279
T,4092,3,0,11476,193,421,0,0,5,524,-5,740,0,0,0,0
C,3280,3281,3282,3276,3279,3280,3276,3278,3279,3280,3281,3280,3280,3281,3280,3279
T,4093,1,0,-31502,193,421,0,0,5,524,-5,740,0,0,0,0
C,3280,3281,3282,3276,3280,3280,3276,3278,3279,3280,3281,3281,3280,3281,3280,3279
T,4094,1,0,408,192,422,0,0,5,524,-5,740,0,0,0,0
C,3280,3281,3282,3276,3280,3280,3276,3278,3279,3280,3281,3281,3280,3281,3280,3279
T,4095,3,0,8332,191,422,0,0,5,524,-5,740,0,0,0,0
C,3280,3281,3282,3276,3280,3280,3276,3278,3279,3280,3281,3281,3280,3281,3280,3279
T,4096,2,0,-8179,190,421,0,0,5,524,-5,740,0,0,0,0
C,3280,3280,3282,3276,3280,3279,3276,3278,3279,3280,3281,3280,3280,3280,3280,3279
T,4097,1,0,-12848,191,421,0,0,5,524,-5,740,0,0,0,0
C,3280,3280,3282,3276,3280,3279,3276,3278,3279,3280,3281,3280,3280,3280,3280,3279
T,4098,0,0,25234,191,421,0,0,5,524,-4,740,0,0,0,0
C,3280,3280,3282,3276,3280,3279,3276,3278,3279,3280,3281,3280,3280,3280,3280,3279
T,4099,0,0,22313,192,422,0,0,5,524,-4,740,0,0,0,0
C,3280,3280,3282,3276,3280,3279,3276,3278,3279,3280,3281,3280,3280,3280,3280,3279
T,4100,3,0,-29306,191,422,0,0,5,524,-4,740,0,0,0,0
C,3279,3280,3282,3276,3279,3279,3276,3278,3279,3280,3281,3280,3280,3280,3280,3279
T,4101,1,0,-20497,189,422,0,0,5,524,-4,740,0,0,0,0
C,3279,3280,3282,3276,3279,3279,3276,3278,3279,3280,3281,3280,3280,3280,3280,3279
T,4102,0,0,-4435,191,422,0,0,5,524,-5,740,0,0,0,0
C,3279,3280,3282,3276,3279,3279,3276,3278,3279,3280,3281,3280,3280,3280,3280,3279
T,4103,2,0,-24635,190,421,0,0,5,524,-5,740,0,0,0,0
C,3279,3281,3282,3276,3279,3280,3276,3278,3279,3280,3281,3281,3280,3280,3280,3279
T,4104,3,0,-11784,190,422,0,0,5,524,-5,740,0,0,0,0
C,3279,3281,3282,3276,3279,3280,3276,3278,3279,3280,3281,3281,3280,3280,3280,3279
T,4105,3,0,7756,189,421,0,0,5,524,-6,740,0,0,0,0
C,3279,3281,3282,3276,3279,3280,3276,3278,3279,3280,3281,3281,3280,3280,3280,3279
T,4106,3,0,-18490,190,421,0,0,5,524,-6,740,0,0,0,0
C,3279,3281,3282,3276,3280,3280,3276,3278,3279,3280,3281,3281,3280,3280,3280,3279
T,4107,2,0,21120,192,422,0,0,5,524,-6,740,0,0,0,0
C,3279,3281,3282,3276,3280,3280,3276,3278,3279,3280,3281,3281,3280,3280,3280,3279
T,4108,2,0,5822,192,421,0,0,5,524,-6,740,0,0,0,0
C,3279,3281,3282,3276,3280,3280,3276,3278,3279,3280,3281,3281,3280,3280,3280,3279
T,4109,1,0,-14420,191,421,0,0,5,524,-6,740,0,0,0,0
C,3280,3281,3282,3276,3279,3280,3276,3278,3279,3280,3281,3281,3280,3280,3280,3279
T,4110,1,0,16,191,422,0,0,5,524,-6,740,0,0,0,0
C,3280,3281,3282,3276,3279,3280,3276,3278,3279,3280,3281,3281,3280,3280,3280,3279
T,4111,1,0,790,189,421,0,0,5,524,-5,740,0,0,0,0
C,3280,3281,3282,3276,3279,3280,3276,3278,3279,3280,3281,3281,3280,3280,3280,3279
T,4112,1,0,-26834,189,422,0,0,5,524,-5,740,0,0,0,0
C,3280,3281,3282,3277,3279,3279,3276,3278,3279,3280,3281,3281,3280,3280,3280,3279
T,4113,0,0,-20578,191,422,0,0,5,524,-5,740,0,0,0,0
C,3280,3281,3282,3277,3279,3279,3276,3278,3279,3280,3281,3281,3280,3280,3280,3279
T,4114,1,0,5996,192,421,0,0,5,524,-5,740,0,0,0,0
C,3280,3281,3282,3277,3279,3279,3276,3278,3279,3280,3281,3281,3280,3280,3280,3279
T,4115,3,0,7972,192,422,0,0,5,524,-5,740,0,0,0,0
C,3280,3280,3282,3277,3279,3279,3276,3278,3279,3281,3281,3281,3280,3280,3280,3279
T,4116,3,0,32096,191,421,0,0,5,524,-5,740,0,0,0,0
C,3280,3280,3282,3277,3279,3279,3276,3278,3279,3281,3281,3281,3280,3280,3280,3279
T,4117,2,0,1790,191,421,0,0,5,524,-5,740,0,0,0,0
C,3280,3280,3282,3277,3279,3279,3276,3278,3279,3281,3281,3281,3280,3280,3280,3279
T,4118,3,0,26429,190,422,0,0,5,524,-5,740,0,0,0,0
C,3279,3280,3282,3276,3279,3279,3276,3278,3279,3280,3281,3281,3280,3280,3280,3279
T,4119,3,0,9291,189,421,0,0,5,524,-5,740,0,0,0,0
C,3279,3280,3282,3276,3279,3279,3276,3278,3279,3280,3281,3281,3280,3280,3280,3279
T,4120,3,0,-9290,188,422,0,0,5,524,-4,740,0,0,0,0
C,3279,3280,3282,3276,3279,3279,3276,3278,3279,3280,3281,3281,3280,3280,3280,3279
T,4121,3,0,998,189,422,0,0,5,524,-4,740,0,0,0,0
C,3279,3280,3282,3276,3279,3279,3276,3278,3279,3280,3281,3281,3280,3280,3280,3279
T,4122,2,0,-16013,191,421,0,0,5,524,-4,740,0,0,0,0
C,3279,3280,3282,3276,3279,3279,3276,3278,3279,3280,3281,3281,3280,3280,3280,3279
T,4123,2,0,5993,192,421,0,0,5,524,-5,740,0,0,0,0
C,3279,3280,3282,3276,3279,3279,3276,3278,3279,3280,3281,3281,3280,3280,3280,3279
T,4124,3,0,-5018,191,421,0,0,5,524,-5,740,0,0,0,0
C,3280,3280,3282,3276,3279,3280,3276,3278,3279,3280,3281,3281,3280,3280,3280,3279
T,4125,1,0,-22211,190,422,0,0,5,524,-5,740,0,0,0,0
C,3280,3280,3282,3276,3279,3280,3276,3278,3279,3280,3281,3281,3280,3280,3280,3279
T,4126,1,0,-26177,188,421,0,0,5,524,-5,740,0,0,0,0
C,3280,3280,3282,3276,3279,3280,3276,3278,3279,3280,3281,3281,3280,3280,3280,3279
T,4127,1,0,-4562,187,421,0,0,5,524,-5,740,0,0,0,0
C,3280,3281,3282,3276,3279,3279,3276,3278,3279,3280,3281,3280,3280,3280,3280,3279
T,4128,2,0,4808,187,421,0,0,5,524,-5,740,0,0,0,0
C,3280,3281,3282,3276,3279,3279,3276,3278,3279,3280,3281,3280,3280,3280,3280,3279
T,4129,1,0,29764,188,421,0,0,5,524,-4,740,0,0,0,0
C,3280,3281,3282,3276,3279,3279,3276,3278,3279,3280,3281,3280,3280,3280,3280,3279
T,4130,1,0,9609,187,422,0,0,5,524,-4,740,0,0,0,0
C,3280,3281,3282,3276,3280,3279,3276,3278,3279,3280,3281,3280,3280,3281,3280,3279
T,4131,1,0,-29712,187,422,0,0,5,524,-4,740,0,0,0,0
C,3280,3281,3282,3276,3280,3279,3276,3278,3279,3280,3281,3280,3280,3281,3280,3279
T,4132,0,0,23212,187,422,0,0,5,524,-5,740,0,0,0,0
C,3280,3281,3282,3276,3280,3279,3276,3278,3279,3280,3281,3280,3280,3281,3280,3279
T,4133,2,0,-4761,187,421,0,0,5,524,-5,740,0,0,0,0
C,3280,3281,3282,3277,3280,3279,3276,3278,3279,3280,3281,3280,3280,3281,3280,3279
T,4134,2,0,4308,189,422,0,0,5,524,-5,740,0,0,0,0
C,3280,3281,3282,3277,3280,3279,3276,3278,3279,3280,3281,3280,3280,3281,3280,3279
T,4135,2,0,28732,189,421,0,0,5,524,-5,740,0,0,0,0
C,3280,3281,3282,3277,3280,3279,3276,3278,3279,3280,3281,3280,3280,3281,3280,3279
T,4136,1,0,-1774,189,422,0,0,5,524,-5,740,0,0,0,0
C,3279,3281,3282,3277,3279,3279,3276,3279,3279,3280,3281,3281,3280,3281,3280,3279
T,4137,1,0,6753,190,422,0,0,5,524,-5,740,0,0,0,0
C,3279,3281,3282,3277,3279,3279,3276,3279,3279,3280,3281,3281,3280,3281,3280,3279
T,4138,2,0,15664,190,422,0,0,5,524,-4,740,0,0,0,0
C,3279,3281,3282,3277,3279,3279,3276,3279,3279,3280,3281,3281,3280,3281,3280,3279
T,4139,1,0,-15056,190,421,0,0,5,524,-4,740,0,0,0,0
C,3279,3281,3282,3277,3279,3279,3276,3279,3279,3280,3281,3280,3280,3281,3280,3279
T,4140,3,0,-168,188,421,0,0,5,524,-4,740,0,0,0,0
C,3279,3281,3282,3277,3279,3279,3276,3279,3279,3280,3281,3280,3280,3281,3280,3279
T,4141,1,0,25529,187,421,0,0,5,524,-5,740,0,0,0,0
C,3279,3281,3282,3277,3279,3279,3276,3279,3279,3280,3281,3280,3280,3281,3280,3279
T,4142,2,0,-484,186,422,0,0,5,524,-5,740,0,0,0,0
C,3279,3281,3282,3277,3279,3279,3276,3279,3279,3280,3281,3280,3280,3280,3280,3279
T,4143,2,0,20819,187,422,0,0,5,524,-5,740,0,0,0,0
C,3279,3281,3282,3277,3279,3279,3276,3279,3279,3280,3281,3280,3280,3280,3280,3279
T,4144,2,0,-1683,186,421,0,0,5,524,-4,740,0,0,0,0
C,3279,3281,3282,3277,3279,3279,3276,3279,3279,3280,3281,3280,3280,3280,3280,3279
T,4145,2,0,10757,187,421,0,0,5,524,-4,740,0,0,0,0
C,3280,3281,3282,3277,3279,3279,3276,3279,3279,3280,3281,3280,3280,3280,3280,3279
T,4146,1,0,8823,186,421,0,0,5,524,-4,740,0,0,0,0
C,3280,3281,3282,3277,3279,3279,3276,3279,3279,3280,3281,3280,3280,3280,3280,3279
T,4147,1,0,19438,188,421,0,0,5,524,-5,740,0,0,0,0
C,3280,3281,3282,3277,3279,3279,3276,3279,3279,3280,3281,3280,3280,3280,3280,3279
T,4148,0,0,-23022,188,422,0,0,5,524,-5,740,0,0,0,0
C,3280,3281,3282,3277,3279,3280,3276,3278,3279,3280,3281,3281,3280,3280,3280,3279
T,4149,0,0,21736,189,422,0,0,5,524,-5,740,0,0,0,0
C,3280,3281,3282,3277,3279,3280,3276,3278,3279,3280,3281,3281,3280,3280,3280,3279
T,4150,2,0,28730,190,421,0,0,5,524,-5,740,0,0,0,0
C,3280,3281,3282,3277,3279,3280,3276,3278,3279,3280,3281,3281,3280,3280,3280,3279
T,4151,1,0,21198,191,422,0,0,5,524,-5,740,0,0,0,0
C,3280,3281,3282,3277,3279,3280,3276,3278,3279,3280,3281,3281,3280,3280,3280,3279
T,4152,2,0,17019,190,421,0,0,5,524,-5,740,0,0,0,0
C,3280,3281,3282,3277,3279,3280,3276,3278,3279,3280,3281,3281,3280,3280,3280,3279
T,4153,2,0,26548,189,421,0,0,5,524,-4,740,0,0,0,0
C,3280,3281,3282,3277,3279,3280,3276,3278,3279,3280,3281,3281,3280,3280,3280,3279
T,4154,2,0,22316,188,421,0,0,5,524,-4,740,0,0,0,0
C,3280,3281,3282,3277,3279,3279,3276,3278,3279,3280,3281,3280,3280,3280,3280,3279
T,4155,3,0,-9045,189,422,0,0,5,524,-4,740,0,0,0,0
C,3280,3281,3282,3277,3279,3279,3276,3278,3279,3280,3281,3280,3280,3280,3280,3279
T,4156,2,0,1104,189,421,0,0,5,524,-5,740,0,0,0,0
C,3280,3281,3282,3277,3279,3279,3276,3278,3279,3280,3281,3280,3280,3280,3280,3279
T,4157,2,0,15069,190,421,0,0,5,524,-5,740,0,0,0,0
C,3280,3281,3282,3277,3279,3279,3276,3278,3279,3280,3281,3280,3280,3281,3280,3279
T,4158,2,0,-27298,190,421,0,0,5,524,-5,740,0,0,0,0
C,3280,3281,3282,3277,3279,3279,3276,3278,3279,3280,3281,3280,3280,3281,3280,3279
T,4159,3,0,15761,189,421,0,0,5,524,-5,740,0,0,0,0
C,3280,3281,3282,3277,3279,3279,3276,3278,3279,3280,3281,3280,3280,3281,3280,3279
T,4160,2,0,-12078,189,422,0,0,5,524,-5,740,0,0,0,0
C,3279,3281,3282,3277,3279,3279,3276,3278,3279,3280,3281,3280,3280,3280,3280,3279
T,4161,3,0,3270,191,422,0,0,5,524,-5,740,0,0,0,0
C,3279,3281,3282,3277,3279,3279,3276,3278,3279,3280,3281,3280,3280,3280,3280,3279
T,4162,3,0,11886,191,421,0,0,5,524,-5,740,0,0,0,0
C,3279,3281,3282,3277,3279,3279,3276,3278,3279,3280,3281,3280,3280,3280,3280,3279
T,4163,3,0,-16992,192,422,0,0,5,524,-5,740,0,0,0,0
C,3279,3281,3282,3277,3279,3279,3276,3278,3279,3280,3281,3280,3280,3280,3280,3279
T,4164,2,0,-9480,190,421,0,0,5,524,-5,740,0,0,0,0
C,3279,3281,3282,3277,3279,3279,3276,3278,3279,3280,3281,3280,3280,3280,3280,3279
T,4165,3,0,-30269,188,422,0,0,5,524,-4,740,0,0,0,0
C,3279,3281,3282,3277,3279,3279,3276,3278,3279,3280,3281,3280,3280,3280,3280,3279
T,4166,3,0,12572,188,422,0,0,5,524,-4,740,0,0,0,0
C,3279,3281,3282,3277,3279,3279,3276,3278,3279,3280,3281,3280,3280,3280,3280,3279
T,4167,2,0,10262,189,422,0,0,5,524,-4,740,0,0,0,0
C,3279,3281,3282,3277,3279,3279,3276,3278,3279,3280,3281,3280,3280,3280,3280,3279
T,4168,2,0,-25243,188,421,0,0,5,524,-5,740,0,0,0,0
C,3279,3281,3282,3277,3279,3279,3276,3278,3279,3280,3281,3280,3280,3280,3280,3279
T,4169,3,0,-15613,189,421,0,0,5,524,-5,740,0,0,0,0
C,3280,3281,3282,3277,3279,3279,3276,3278,3279,3280,3281,3281,3280,3280,3280,3279
T,4170,2,0,-21849,189,421,0,0,5,524,-5,740,0,0,0,0
C,3280,3281,3282,3277,3279,3279,3276,3278,3279,3280,3281,3281,3280,3280,3280,3279
T,4171,4,0,-31682,188,421,0,0,5,524,-6,740,0,0,0,0
C,3280,3281,3282,3277,3279,3279,3276,3278,3279,3280,3281,3281,3280,3280,3280,3279
T,4172,1,0,-30054,187,422,0,0,5,524,-6,740,0,0,0,0
C,3280,3281,3282,3277,3280,3279,3276,3278,3279,3280,3281,3281,3280,3280,3280,3279
T,4173,2,0,-675,186,421,0,0,5,524,-6,740,0,0,0,0
C,3280,3281,3282,3277,3280,3279,3276,3278,3279,3280,3281,3281,3280,3280,3280,3279
T,4174,1,0,-10984,186,421,0,0,5,524,-6,740,0,0,0,0
C,3280,3281,3282,3277,3280,3279,3276,3278,3279,3280,3281,3281,3280,3280,3280,3279
T,4175,2,0,-5562,187,422,0,0,5,524,-6,740,0,0,0,0
C,3279,3281,3282,3277,3279,3280,3276,3278,3279,3280,3281,3281,3280,3280,3280,3279
T,4176,1,0,9257,188,422,0,0,5,524,-6,740,0,0,0,0
C,3279,3281,3282,3277,3279,3280,3276,3278,3279,3280,3281,3281,3280,3280,3280,3279
T,4177,2,0,-12030,187,422,0,0,5,524,-6,740,0,0,0,0
C,3279,3281,3282,3277,3279,3280,3276,3278,3279,3280,3281,3281,3280,3280,3280,3279
T,4178,2,0,28012,188,422,0,0,5,524,-6,740,0,0,0,0
C,3279,3281,3282,3277,3279,3280,3276,3278,3279,3280,3281,3281,3280,3280,3280,3279
T,4179,3,0,29386,189,421,0,0,5,524,-6,740,0,0,0,0
C,3279,3281,3282,3277,3279,3280,3276,3278,3279,3280,3281,3281,3280,3280,3280,3279
T,4180,1,0,2750,188,422,0,0,5,524,-5,740,0,0,0,0
C,3279,3281,3282,3277,3279,3280,3276,3278,3279,3280,3281,3281,3280,3280,3280,3279
T,4181,3,0,25034,189,422,0,0,5,524,-5,740,0,0,0,0
C,3279,3280,3282,3277,3279,3280,3276,3278,3279,3280,3281,3281,3280,3280,3280,3279
T,4182,2,0,23170,189,421,0,0,5,524,-5,740,0,0,0,0
C,3279,3280,3282,3277,3279,3280,3276,3278,3279,3280,3281,3281,3280,3280,3280,3279
T,4183,3,0,-14702,190,421,0,0,5,524,-5,740,0,0,0,0
C,3279,3280,3282,3277,3279,3280,3276,3278,3279,3280,3281,3281,3280,3280,3280,3279
T,4184,1,0,6387,190,422,0,0,5,524,-5,740,0,0,0,0
C,3279,3280,3282,3277,3279,3279,3276,3278,3279,3280,3281,3280,3280,3280,3280,3279
T,4185,2,0,27347,190,422,0,0,5,524,-5,740,0,0,0,0
C,3279,3280,3282,3277,3279,3279,3276,3278,3279,3280,3281,3280,3280,3280,3280,3279
T,4186,2,0,-17225,190,422,0,0,5,524,-4,740,0,0,0,0
C,3279,3280,3282,3277,3279,3279,3276,3278,3279,3280,3281,3280,3280,3280,3280,3279
T,4187,2,0,6856,191,422,0,0,5,524,-4,740,0,0,0,0
C,3279,3280,3282,3276,3279,3279,3276,3278,3279,3280,3281,3280,3280,3280,3280,3279
T,4188,1,0,-31493,191,422,0,0,5,524,-4,740,0,0,0,0
C,3279,3280,3282,3276,3279,3279,3276,3278,3279,3280,3281,3280,3280,3280,3280,3279
T,4189,2,0,-3344,190,422,0,0,5,524,-4,740,0,0,0,0
C,3279,3280,3282,3276,3279,3279,3276,3278,3279,3280,3281,3280,3280,3280,3280,3279
T,4190,2,0,-28639,190,422,0,0,5,524,-4,740,0,0,0,0
C,3279,3280,3282,3276,3279,3279,3276,3278,3279,3280,3281,3280,3280,3280,3280,3279
T,4191,1,0,-31599,190,422,0,0,5,524,-4,740,0,0,0,0
C,3279,3280,3282,3276,3280,3279,3276,3278,3279,3280,3281,3280,3280,3280,3280,3279
T,4192,0,0,-11284,191,421,0,0,5,524,-4,740,0,0,0,0
C,3279,3280,3282,3276,3280,3279,3276,3278,3279,3280,3281,3280,3280,3280,3280,3279
T,4193,1,0,30430,190,421,0,0,5,524,-5,740,0,0,0,0
C,3279,3280,3282,3276,3280,3279,3276,3278,3279,3280,3281,3280,3280,3280,3280,3279
T,4194,0,0,4369,191,421,0,0,5,524,-5,740,0,0,0,0
C,3279,3281,3282,3276,3279,3279,3276,3278,3279,3280,3281,3280,3280,3280,3280,3279
T,4195,2,0,17259,190,421,0,0,5,524,-5,740,0,0,0,0
C,3279,3281,3282,3276,3279,3279,3276,3278,3279,3280,3281,3280,3280,3280,3280,3279
T,4196,3,0,18576,189,422,0,0,5,524,-5,740,0,0,0,0
C,3279,3281,3282,3276,3279,3279,3276,3278,3279,3280,3281,3280,3280,3280,3280,3279
T,4197,2,0,9616,190,422,0,0,5,524,-5,740,0,0,0,0
C,3279,3281,3282,3276,3279,3280,3276,3278,3279,3280,3281,3280,3280,3280,3280,3279
T,4198,3,0,-8670,189,421,0,0,5,524,-5,740,0,0,0,0
C,3279,3281,3282,3276,3279,3280,3276,3278,3279,3280,3281,3280,3280,3280,3280,3279
T,4199,3,0,30576,187,421,0,0,5,524,-3,740,0,0,0,0
C,3279,3281,3282,3276,3279,3280,3276,3278,3279,3280,3281,3280,3280,3280,3280,3279
T,4200,3,0,21918,186,422,0,0,5,524,-3,740,0,0,0,0
C,3280,3281,3282,3277,3279,3280,3276,3278,3279,3280,3281,3280,3280,3280,3280,3279
T,4201,2,0,-19164,188,421,0,0,5,524,-3,740,0,0,0,0
C,3280,3281,3282,3277,3279,3280,3276,3278,3279,3280,3281,3280,3280,3280,3280,3279
T,4202,1,0,-27886,188,422,0,0,5,524,-3,740,0,0,0,0
C,3280,3281,3282,3277,3279,3280,3276,3278,3279,3280,3281,3280,3280,3280,3280,3279
T,4203,2,0,-510,188,422,0,0,5,524,-3,740,0,0,0,0
C,3280,3281,3282,3277,3279,3280,3276,3278,3279,3280,3281,3280,3280,3280,3280,3279
T,4204,2,0,9910,189,422,0,0,5,524,-3,740,0,0,0,0
C,3280,3281,3282,3277,3279,3280,3276,3278,3279,3280,3281,3280,3280,3280,3280,3279
T,4205,2,0,22948,190,421,0,0,5,524,-6,740,0,0,0,0
C,3280,3281,3282,3277,3279,3280,3276,3278,3279,3280,3281,3280,3280,3280,3280,3279
T,4206,2,0,-22550,189,422,0,0,5,524,-6,740,0,0,0,0
C,3280,3281,3282,3277,3279,3279,3276,3278,3279,3280,3281,3280,3280,3280,3280,3279
T,4207,1,0,5175,189,422,0,0,5,524,-6,740,0,0,0,0
C,3280,3281,3282,3277,3279,3279,3276,3278,3279,3280,3281,3280,3280,3280,3280,3279
T,4208,0,0,-7367,189,422,0,0,5,524,-4,740,0,0,0,0
C,3280,3281,3282,3277,3279,3279,3276,3278,3279,3280,3281,3280,3280,3280,3280,3279
T,4209,0,0,-13535,188,422,0,0,5,524,-4,740,0,0,0,0
C,3280,3281,3282,3277,3279,3279,3276,3278,3279,3280,3281,3280,3280,3280,3280,3279
T,4210,2,0,15360,188,422,0,0,5,524,-4,740,0,0,0,0
C,3280,3281,3282,3277,3279,3279,3276,3278,3279,3280,3281,3280,3280,3280,3280,3279
T,4211,2,0,11686,187,421,0,0,5,524,-4,740,0,0,0,0
C,3280,3281,3282,3277,3279,3279,3276,3278,3279,3280,3281,3280,3280,3280,3280,3279
T,4212,3,0,-12344,186,421,0,0,5,524,-4,740,0,0,0,0
C,3280,3281,3282,3277,3279,3279,3276,3278,3279,3280,3281,3280,3280,3280,3280,3279
T,4213,2,0,-18446,187,422,0,0,5,524,-4,740,0,0,0,0
C,3280,3281,3282,3277,3279,3279,3276,3278,3279,3280,3281,3280,3280,3280,3280,3279
T,4214,1,0,-9067,187,421,0,0,5,524,-6,740,0,0,0,0
C,3280,3281,3282,3277,3279,3279,3276,3278,3279,3280,3281,3280,3280,3280,3280,3279
T,4215,1,0,-8016,188,422,0,0,5,524,-6,740,0,0,0,0
C,3280,3281,3282,3277,3279,3280,3276,3278,3279,3280,3281,3280,3280,3280,3280,3279
T,4216,3,0,-11602,188,422,0,0,5,524,-6,740,0,0,0,0
C,3280,3281,3282,3277,3279,3280,3276,3278,3279,3280,3281,3280,3280,3280,3280,3279
T,4217,2,0,25075,189,422,0,0,5,524,-5,740,0,0,0,0
C,3280,3281,3282,3277,3279,3280,3276,3278,3279,3280,3281,3280,3280,3280,3280,3279
T,4218,1,0,29928,189,422,0,0,5,524,-5,740,0,0,0,0
C,3280,3281,3282,3277,3279,3280,3276,3278,3279,3280,3281,3280,3280,3280,3280,3279
T,4219,1,0,-22620,190,422,0,0,5,524,-5,740,0,0,0,0
C,3280,3281,3282,3277,3279,3280,3276,3278,3279,3280,3281,3280,3280,3280,3280,3279
T,4220,3,0,3716,191,422,0,0,5,524,-3,740,0,0,0,0
C,3280,3281,3282,3277,3279,3280,3276,3278,3279,3280,3281,3280,3280,3280,3280,3279
T,4221,2,0,-7524,190,422,0,0,5,524,-3,740,0,0,0,0
C,3280,3281,3282,3277,3279,3280,3276,3278,3279,3281,3281,3280,3280,3280,3280,3279
T,4222,2,0,27767,192,421,0,0,5,524,-3,740,0,0,0,0
C,3280,3281,3282,3277,3279,3280,3276,3278,3279,3281,3281,3280,3280,3280,3280,3279
T,4223,2,0,-20535,191,421,0,0,5,524,-4,740,0,0,0,0
C,3280,3281,3282,3277,3279,3280,3276,3278,3279,3281,3281,3280,3280,3280,3280,3279
T,4224,2,0,20716,190,421,0,0,5,524,-4,740,0,0,0,0
C,3279,3281,3282,3277,3279,3279,3276,3278,3279,3280,3281,3280,3280,3280,3280,3279
T,4225,1,0,2595,188,421,0,0,5,524,-4,740,0,0,0,0
C,3279,3281,3282,3277,3279,3279,3276,3278,3279,3280,3281,3280,3280,3280,3280,3279
T,4226,1,0,16477,189,422,0,0,5,524,-4,740,0,0,0,0
C,3279,3281,3282,3277,3279,3279,3276,3278,3279,3280,3281,3280,3280,3280,3280,3279
T,4227,1,0,-5328,190,422,0,0,5,524,-4,740,0,0,0,0
C,3279,3281,3282,3277,3279,3279,3276,3278,3279,3280,3281,3280,3280,3280,3280,3279
T,4228,2,0,10786,188,422,0,0,5,524,-4,740,0,0,0,0
C,3279,3281,3282,3277,3279,3279,3276,3278,3279,3280,3281,3280,3280,3280,3280,3279
T,4229,1,0,24144,188,422,0,0,5,524,-5,740,0,0,0,0
C,3279,3281,3282,3277,3279,3279,3276,3278,3279,3280,3281,3280,3280,3280,3280,3279
T,4230,1,0,7262,188,422,0,0,5,524,-5,740,0,0,0,0
C,3279,3281,3282,3277,3279,3279,3276,3278,3279,3280,3280,3280,3280,3280,3280,3279
T,4231,2,0,2799,189,421,0,0,5,524,-5,740,0,0,0,0
C,3279,3281,3282,3277,3279,3279,3276,3278,3279,3280,3280,3280,3280,3280,3280,3279
T,4232,2,0,-31428,188,421,0,0,5,524,-4,740,0,0,0,0
C,3279,3281,3282,3277,3279,3279,3276,3278,3279,3280,3280,3280,3280,3280,3280,3279
T,4233,3,0,27608,186,422,0,0,5,524,-4,740,0,0,0,0
C,3279,3281,3282,3276,3279,3280,3276,3278,3279,3280,3280,3280,3280,3280,3280,3279
T,4234,3,0,-8712,187,421,0,0,5,524,-4,740,0,0,0,0
C,3279,3281,3282,3276,3279,3280,3276,3278,3279,3280,3280,3280,3280,3280,3280,3279
T,4235,2,0,22631,188,422,0,0,5,524,-4,740,0,0,0,0
C,3279,3281,3282,3276,3279,3280,3276,3278,3279,3280,3280,3280,3280,3280,3280,3279
T,4236,3,0,-19974,188,421,0,0,5,524,-4,740,0,0,0,0
C,3280,3281,3282,3276,3279,3280,3276,3278,3279,3280,3281,3280,3280,3280,3280,3279
T,4237,2,0,-29493,190,421,0,0,5,524,-4,740,0,0,0,0
C,3280,3281,3282,3276,3279,3280,3276,3278,3279,3280,3281,3280,3280,3280,3280,3279
T,4238,2,0,17536,190,422,0,0,5,524,-6,740,0,0,0,0
C,3280,3281,3282,3276,3279,3280,3276,3278,3279,3280,3281,3280,3280,3280,3280,3279
T,4239,1,0,9507,192,422,0,0,5,524,-6,740,0,0,0,0
C,3280,3281,3282,3276,3279,3280,3276,3278,3279,3280,3280,3280,3280,3280,3280,3279
T,4240,3,0,6778,193,422,0,0,5,524,-6,740,0,0,0,0
C,3280,3281,3282,3276,3279,3280,3276,3278,3279,3280,3280,3280,3280,3280,3280,3279
T,4241,2,0,23812,193,422,0,0,5,524,-5,740,0,0,0,0
C,3280,3281,3282,3276,3279,3280,3276,3278,3279,3280,3280,3280,3280,3280,3280,3279
T,4242,2,0,-21957,194,421,0,0,5,524,-5,740,0,0,0,0
C,3279,3281,3282,3276,3279,3280,3276,3278,3279,3280,3280,3280,3280,3281,3280,3279
T,4243,1,0,-17537,192,421,0,0,5,524,-5,740,0,0,0,0
C,3279,3281,3282,3276,3279,3280,3276,3278,3279,3280,3280,3280,3280,3281,3280,3279
T,4244,2,0,-6709,192,421,0,0,5,524,-3,740,0,0,0,0
C,3279,3281,3282,3276,3279,3280,3276,3278,3279,3280,3280,3280,3280,3281,3280,3279
T,4245,3,0,-26210,190,422,0,0,5,524,-3,740,0,0,0,0
C,3279,3281,3282,3277,3279,3280,3276,3278,3279,3280,3280,3280,3280,3280,3280,3279
T,4246,2,0,-15289,189,421,0,0,5,524,-3,740,0,0,0,0
C,3279,3281,3282,3277,3279,3280,3276,3278,3279,3280,3280,3280,3280,3280,3280,3279
T,4247,2,0,17400,189,421,0,0,5,524,-4,740,0,0,0,0
C,3279,3281,3282,3277,3279,3280,3276,3278,3279,3280,3280,3280,3280,3280,3280,3279
T,4248,3,0,25320,190,421,0,0,5,524,-4,740,0,0,0,0
C,3279,3281,3282,3277,3279,3280,3276,3278,3279,3280,3281,3280,3280,3280,3280,3279
T,4249,3,0,-24766,190,422,0,0,5,524,-4,740,0,0,0,0
C,3279,3281,3282,3277,3279,3280,3276,3278,3279,3280,3281,3280,3280,3280,3280,3279
T,4250,2,0,-18923,190,422,0,0,5,524,-5,740,0,0,0,0
C,3279,3281,3282,3277,3279,3280,3276,3278,3279,3280,3281,3280,3280,3280,3280,3279
T,4251,1,0,-15447,188,422,0,0,5,524,-5,740,0,0,0,0
C,3279,3281,3282,3277,3279,3280,3276,3278,3279,3280,3281,3280,3280,3280,3280,3279
T,4252,3,0,30008,187,421,0,0,5,524,-5,740,0,0,0,0
C,3279,3281,3282,3277,3279,3280,3276,3278,3279,3280,3281,3280,3280,3280,3280,3279
T,4253,3,0,-1344,188,421,0,0,5,524,-6,740,0,0,0,0
C,3279,3281,3282,3277,3279,3280,3276,3278,3279,3280,3281,3280,3280,3280,3280,3279
T,4254,2,0,-9595,189,421,0,0,5,524,-6,740,0,0,0,0
